_id,full_name,email,ssn,ip_address,zip_code,credit_history_months,debt_to_income,savings_balance,loan_approved,interest_rate,approved_amount,rejection_reason,spend_total_monthly,loan_purpose,processing_timestamp,dq_flag_missing,gender,date_of_birth,age,annual_income,dq_flag_neg_credit,dq_flag_extreme_income,dq_flag_impossible_dti,dq_flag_underage,dq_flag_neg_savings
app_200,Jerry Smith,jerry.smith17@hotmail.com,596-64-4340,192.168.48.155,10036,23.0,0.2,31212.0,False,,,algorithm_risk_score,1517,,2024-01-15T00:00:00Z,False,Male,2001-03-09,22.8,73000.0,False,False,False,False,False
app_037,Brandon Walker,brandon.walker2@yahoo.com,425-69-4784,10.1.102.112,10032,51.0,0.18,17915.0,False,,,algorithm_risk_score,947,,,False,Male,1992-03-31,31.8,78000.0,False,False,False,False,False
app_215,Scott Moore,scott.moore94@mail.com,370-78-5178,10.240.193.250,10075,41.0,0.21,37909.0,True,3.7,59000.0,,109,vacation,,False,Male,1989-10-24,34.2,61000.0,False,False,False,False,False
app_024,Thomas Lee,thomas.lee6@protonmail.com,194-35-1833,192.168.175.67,10077,70.0,0.35,0.0,True,4.3,34000.0,,575,,,False,Male,1983-04-25,40.7,103000.0,False,False,False,False,False
app_184,Brian Rodriguez,brian.rodriguez86@aol.com,480-41-2475,172.29.125.105,10080,14.0,0.23,31763.0,False,,,algorithm_risk_score,463,,2024-01-15T00:00:00Z,False,Male,1999-05-21,24.6,57000.0,False,False,False,False,False
app_275,Maria Miller,maria.miller67@outlook.com,417-25-4912,172.25.58.70,10019,33.0,0.05,49933.0,False,,,algorithm_risk_score,571,,,False,Female,1982-02-14,41.9,110000.0,False,False,False,False,False
app_099,Nicholas King,nicholas.king46@outlook.com,613-23-2503,10.62.62.45,10022,61.0,0.17,30159.0,True,5.6,27000.0,,458,,,False,Male,1990-01-28,33.9,55000.0,False,False,False,False,False
app_246,Susan Rivera,susan.rivera74@gmail.com,176-97-1864,192.168.158.59,90223,31.0,0.29,21809.0,True,2.8,38000.0,,478,auto,,False,Female,1991-10-11,32.2,82000.0,False,False,False,False,False
app_042,Joseph Lopez,joseph.lopez1@gmail.com,652-70-5530,192.168.91.142,10044,43.0,0.41,15974.0,False,,,algorithm_risk_score,621,,,False,Male,1990-05-04,33.7,69000.0,False,False,False,False,False
app_348,Michael Mitchell,michael.mitchell42@hotmail.com,100-94-8400,172.28.12.121,10080,5.0,0.41,13794.0,False,,,insufficient_credit_history,1050,,,False,Male,1989-10-10,34.2,55000.0,False,False,False,False,False
app_309,Patricia Carter,patricia.carter75@gmail.com,392-82-4407,192.168.231.120,90250,99.0,0.37,21769.0,True,5.1,72000.0,,1314,,,False,Female,1970-10-01,53.3,63000.0,False,False,False,False,False
app_320,Jason Brown,jason.brown65@icloud.com,222-48-1592,192.168.52.13,90286,58.0,0.35,13088.0,True,5.9,71000.0,,1109,,,False,Male,1978-12-01,45.1,168000.0,False,False,False,False,False
app_007,Emma Clark,emma.clark14@protonmail.com,191-40-8079,192.168.11.34,90284,77.0,0.08,21353.0,True,5.2,27000.0,,706,,,False,Female,1989-06-13,34.6,92000.0,False,False,False,False,False
app_439,Benjamin Jackson,benjamin.jackson34@gmail.com,807-60-7784,192.168.98.253,10019,72.0,0.12,50675.0,True,4.2,61000.0,,1620,,,False,Male,1976-04-19,47.7,87000.0,False,False,False,False,False
app_307,Joseph Lee,joseph.lee69@aol.com,178-35-6543,10.189.246.72,10097,83.0,0.1,17420.0,True,6.1,57000.0,,482,,,False,Male,1990-07-26,33.4,53000.0,False,False,False,False,False
app_064,Paul Martin,paul.martin91@yahoo.com,500-65-1608,192.168.73.18,10009,64.0,0.37,40674.0,False,,,algorithm_risk_score,842,,,False,Male,1992-06-22,31.5,81000.0,False,False,False,False,False
app_101,Sandra Smith,sandra.smith99@icloud.com,937-72-8731,172.30.237.98,90255,0.0,0.3,15364.0,False,,,algorithm_risk_score,991,,,False,Female,1997-03-23,26.8,55000.0,False,False,False,False,False
app_133,Frank Harris,frank.harris11@outlook.com,507-24-3732,172.25.65.254,10022,72.0,0.16,33883.0,False,,,algorithm_risk_score,726,,,False,Male,1989-10-07,34.2,70000.0,False,False,False,False,False
app_214,Christine Miller,christine.miller65@mail.com,929-57-7649,172.17.208.126,90277,84.0,0.31,41962.0,True,4.1,57000.0,,786,debt_consolidation,,False,Female,1962-08-26,61.3,116000.0,False,False,False,False,False
app_078,Rebecca Wilson,rebecca.wilson4@gmail.com,854-84-6365,172.30.31.154,90299,19.0,0.26,14054.0,False,,,insufficient_credit_history,294,,,False,Female,1997-02-25,26.8,47000.0,False,False,False,False,False
app_317,Stephen Mitchell,stephen.mitchell26@yahoo.com,805-56-9241,172.16.60.139,10057,105.0,0.22,19039.0,True,4.9,80000.0,,771,,,False,Male,1981-10-27,42.2,45000.0,False,False,False,False,False
app_173,Sarah Hall,sarah.hall95@hotmail.com,131-14-4051,10.168.245.226,90277,60.0,0.05,62581.0,False,,,algorithm_risk_score,1537,,2024-01-15T00:00:00Z,False,Female,1979-07-18,44.5,115000.0,False,False,False,False,False
app_352,Deborah Miller,deborah.miller59@aol.com,514-30-3461,10.149.249.118,90209,110.0,0.32,25826.0,True,4.4,58000.0,,741,,,False,Female,1961-11-04,62.2,104000.0,False,False,False,False,False
app_289,Alexander Thompson,alexander.thompson21@mail.com,161-62-3645,10.115.225.196,10080,93.0,0.42,33650.0,True,4.1,29000.0,,361,,,False,Male,1979-04-20,44.7,77000.0,False,False,False,False,False
app_458,Frank Rivera,frank.rivera78@gmail.com,493-26-1934,192.168.143.14,10006,45.0,0.37,28672.0,True,4.3,45000.0,,671,,,False,Male,1978-02-16,45.9,90000.0,False,False,False,False,False
app_080,James Torres,james.torres4@yahoo.com,951-51-4647,10.222.104.77,10075,58.0,0.39,18138.0,True,3.1,37000.0,,1135,,,False,Male,1989-08-01,34.4,111000.0,False,False,False,False,False
app_075,Margaret Williams,,,,,29.0,0.15,25894.0,True,5.1,22000.0,,1062,,,True,,,,61000.0,False,False,False,False,False
app_212,Amy Flores,amy.flores63@outlook.com,654-72-8456,172.17.7.50,90231,25.0,0.2,20787.0,False,,,algorithm_risk_score,81,personal,,False,Female,1997-12-09,26.1,50000.0,False,False,False,False,False
app_369,Patricia Nelson,patricia.nelson33@protonmail.com,557-16-4712,172.24.111.38,90259,35.0,0.17,33980.0,False,,,algorithm_risk_score,933,,,False,Female,1985-01-03,39.0,102000.0,False,False,False,False,False
app_452,Nancy Young,nancy.young58@protonmail.com,645-69-5977,192.168.219.132,90221,67.0,0.07,24654.0,False,,,algorithm_risk_score,1108,,,False,Female,1994-03-25,29.8,66000.0,False,False,False,False,False
app_127,Brandon Taylor,brandon.taylor17@yahoo.com,708-16-1511,172.22.250.112,90261,78.0,0.15,28164.0,True,5.9,53000.0,,1699,,,False,Male,1968-12-30,55.0,73000.0,False,False,False,False,False
app_167,Emma Williams,emma.williams6@icloud.com,406-96-8493,172.31.200.173,90214,32.0,0.17,55374.0,False,,,algorithm_risk_score,1106,,2024-01-15T00:00:00Z,False,Female,1983-05-10,40.6,105000.0,False,False,False,False,False
app_274,Samantha Williams,samantha.williams57@icloud.com,437-17-2802,10.182.73.70,90235,51.0,0.39,27953.0,True,5.6,65000.0,,729,,,False,Female,1986-11-20,37.1,89000.0,False,False,False,False,False
app_422,Kathleen Flores,kathleen.flores42@yahoo.com,455-19-2179,192.168.210.173,90284,80.0,0.37,30248.0,False,,,algorithm_risk_score,322,,,False,Female,1981-08-17,42.4,108000.0,False,False,False,False,False
app_280,Benjamin Thomas,benjamin.thomas34@icloud.com,235-66-1824,172.17.156.231,10046,13.0,0.24,14728.0,False,,,insufficient_credit_history,275,,,False,Male,1987-02-06,36.9,57000.0,False,False,False,False,False
app_276,Sarah Harris,sarah.harris19@icloud.com,965-43-3270,192.168.198.87,90260,0.0,0.13,3388.0,False,,,algorithm_risk_score,840,,,False,Female,1995-05-07,28.7,30000.0,False,False,False,False,False
app_386,Angela Carter,angela.carter72@gmail.com,961-42-2857,172.21.133.119,90283,96.0,0.35,41312.0,True,4.7,66000.0,,350,,,False,Female,1968-03-20,55.8,84000.0,False,False,False,False,False
app_178,Brandon Harris,brandon.harris4@outlook.com,262-63-6057,192.168.200.5,10027,44.0,0.13,20921.0,True,3.8,44000.0,,759,,2024-01-15T00:00:00Z,False,Male,1997-07-20,26.5,52000.0,False,False,False,False,False
app_441,Katherine King,katherine.king17@outlook.com,568-34-9570,192.168.25.187,90268,20.0,0.12,23593.0,True,2.6,74000.0,,894,,,False,Female,1986-12-05,37.1,110000.0,False,False,False,False,False
app_285,Elizabeth Garcia,elizabeth.garcia70@mail.com,105-34-6367,192.168.188.222,90226,16.0,0.17,13622.0,True,2.5,48000.0,,869,,,False,Female,1987-06-28,36.5,75000.0,False,False,False,False,False
app_232,Susan Williams,susan.williams56@protonmail.com,990-44-6079,192.168.82.109,90218,60.0,0.1,31187.0,True,2.8,48000.0,,826,personal,,False,Female,1985-03-04,38.8,129000.0,False,False,False,False,False
app_420,Betty Allen,betty.allen48@gmail.com,543-66-7870,172.24.54.162,10087,23.0,0.14,19007.0,True,3.4,66000.0,,65,,,False,Female,1988-04-06,35.7,81000.0,False,False,False,False,False
app_130,Jennifer Wright,jennifer.wright10@mail.com,286-43-9771,172.27.3.208,90252,62.0,0.09,30902.0,False,,,algorithm_risk_score,2073,,,False,Female,1981-10-03,42.2,135000.0,False,False,False,False,False
app_169,Brian Brown,brian.brown29@icloud.com,566-85-7180,10.10.233.92,10014,45.0,0.11,61833.0,True,4.4,28000.0,,623,,2024-01-15T00:00:00Z,False,Male,1986-12-06,37.1,85000.0,False,False,False,False,False
app_108,Timothy Thomas,timothy.thomas35@yahoo.com,829-65-3490,10.226.135.76,10057,62.0,0.42,29257.0,True,4.2,44000.0,,383,,,False,Male,1975-06-14,48.6,93000.0,False,False,False,False,False
app_497,Patrick Wilson,patrick.wilson77@hotmail.com,655-58-3025,10.131.43.18,90233,4.0,0.1,21540.0,False,,,algorithm_risk_score,423,,,False,Male,1994-04-20,29.7,48000.0,False,False,False,False,False
app_174,Katherine Baker,katherine.baker50@outlook.com,405-23-3195,192.168.75.133,90237,31.0,0.34,34731.0,True,2.7,33000.0,,98,,2024-01-15T00:00:00Z,False,Female,1990-01-15,34.0,98000.0,False,False,False,False,False
app_010,Barbara Rodriguez,barbara.rodriguez33@icloud.com,624-58-7406,10.100.68.10,90250,62.0,0.25,6824.0,False,,,algorithm_risk_score,866,,,False,Female,1996-09-07,27.3,44000.0,False,False,False,False,False
app_486,Nicholas Garcia,nicholas.garcia36@gmail.com,109-41-3092,192.168.244.27,10040,95.0,0.09,35264.0,True,2.9,64000.0,,777,,,False,Male,1963-09-15,60.3,79000.0,False,False,False,False,False
app_367,Heather Davis,heather.davis33@icloud.com,618-61-5297,192.168.21.66,90212,64.0,0.33,36196.0,True,2.7,76000.0,,917,,,False,Female,1979-08-04,44.4,97000.0,False,False,False,False,False
app_360,Eric Brown,eric.brown89@hotmail.com,659-91-9371,172.24.47.60,30007,104.0,0.13,31281.0,True,2.8,53000.0,,582,,,False,Male,1971-12-16,52.0,107000.0,False,False,False,False,False
app_115,Maria Mitchell,maria.mitchell17@yahoo.com,799-16-1536,10.101.190.145,90294,52.0,0.07,82257.0,True,3.6,23000.0,,239,,,False,Female,1977-02-09,46.9,123000.0,False,False,False,False,False
app_084,Pamela Scott,pamela.scott14@icloud.com,478-77-8200,10.162.27.170,90279,54.0,0.4,78286.0,True,4.0,50000.0,,217,,,False,Female,1986-03-24,37.8,160000.0,False,False,False,False,False
app_491,Mary Harris,mary.harris76@protonmail.com,945-13-9714,10.78.4.251,10048,100.0,0.1,30078.0,False,,,algorithm_risk_score,792,,,False,Female,1974-01-17,50.0,79000.0,False,False,False,False,False
app_065,Amy Sanchez,amy.sanchez67@mail.com,684-77-5305,10.60.248.190,10070,41.0,0.37,30645.0,False,,,algorithm_risk_score,2110,,,False,Female,1992-10-08,31.2,109000.0,False,False,False,False,False
app_148,Shirley Davis,shirley.davis62@icloud.com,384-17-7019,10.121.226.226,90261,72.0,0.37,35207.0,True,3.3,25000.0,,1606,,2024-01-15T00:00:00Z,False,Female,1982-08-11,41.4,122000.0,False,False,False,False,False
app_028,Brenda Robinson,brenda.robinson48@mail.com,636-75-6279,172.21.129.236,10003,60.0,0.2,38832.0,False,,,algorithm_risk_score,145,,,False,Female,1985-09-06,38.3,90000.0,False,False,False,False,False
app_272,Rebecca Rivera,rebecca.rivera38@outlook.com,160-39-1506,10.75.157.206,90227,70.0,0.41,34365.0,False,,,algorithm_risk_score,372,,,False,Female,1982-03-02,41.8,79000.0,False,False,False,False,False
app_263,Jeffrey Green,jeffrey.green8@hotmail.com,183-73-3729,172.26.114.52,10055,64.0,0.07,39627.0,True,5.0,68000.0,,372,,,False,Male,1983-12-16,40.0,153000.0,False,False,False,False,False
app_160,George Thompson,george.thompson36@aol.com,904-48-6710,192.168.48.92,10056,18.0,0.18,58748.0,True,2.8,31000.0,,1011,,2024-01-15T00:00:00Z,False,Male,1982-12-29,41.0,80000.0,False,False,False,False,False
app_228,Emily Walker,emily.walker42@outlook.com,175-63-6572,192.168.253.184,90280,58.0,0.42,25883.0,True,3.5,35000.0,,996,vacation,,False,Female,1987-12-14,36.0,70000.0,False,False,False,False,False
app_076,Sarah Taylor,sarah.taylor74@icloud.com,773-71-1401,172.27.159.52,90285,35.0,0.43,13607.0,False,,,insufficient_credit_history,801,,,False,Female,1990-12-28,33.0,66000.0,False,False,False,False,False
app_410,Edward Mitchell,edward.mitchell78@hotmail.com,330-61-3858,192.168.30.200,10051,6.0,0.24,30498.0,True,4.9,41000.0,,1038,,,False,Male,1995-06-21,28.5,66000.0,False,False,False,False,False
app_208,James Martin,james.martin69@hotmail.com,155-19-6776,172.17.130.224,10061,92.0,0.34,21594.0,True,2.8,26000.0,,909,education,,False,Male,1966-10-28,57.2,97000.0,False,False,False,False,False
app_279,Joseph Scott,joseph.scott2@yahoo.com,448-37-9481,172.18.113.220,30012,76.0,0.39,4974.0,True,5.4,15000.0,,1707,,,False,Male,1982-12-11,41.1,75000.0,False,False,False,False,False
app_241,Helen Anderson,helen.anderson61@mail.com,852-81-4532,192.168.33.162,90230,103.0,0.44,31709.0,True,5.8,18000.0,,1077,personal,,False,Female,1964-07-10,59.5,96000.0,False,False,False,False,False
app_054,Jack Martin,jack.martin17@protonmail.com,944-51-9855,192.168.146.66,10043,16.0,0.26,28260.0,True,6.3,61000.0,,566,,,False,Male,1995-12-10,28.1,86000.0,False,False,False,False,False
app_195,Mark Campbell,mark.campbell36@aol.com,730-25-4224,192.168.3.184,10005,0.0,0.29,19373.0,True,5.1,77000.0,,1550,,2024-01-15T00:00:00Z,False,Male,1992-03-26,31.8,61000.0,False,False,False,False,False
app_015,Michael Lopez,michael.lopez67@yahoo.com,752-48-9134,192.168.244.94,10061,96.0,0.4,76692.0,False,,,algorithm_risk_score,1269,,,False,Male,1985-11-09,38.1,118000.0,False,False,False,False,False
app_039,Robert Anderson,robert.anderson1@hotmail.com,892-10-2689,192.168.126.225,90249,73.0,0.29,62951.0,False,,,algorithm_risk_score,513,,,False,Male,1978-09-30,45.3,137000.0,False,False,False,False,False
app_492,Cynthia Garcia,cynthia.garcia42@mail.com,809-99-1251,172.25.153.215,90225,0.0,0.09,9578.0,False,,,algorithm_risk_score,915,,,False,Female,1994-03-03,29.8,46000.0,False,False,False,False,False
app_093,Margaret Allen,margaret.allen89@yahoo.com,343-37-9988,172.20.198.144,90230,36.0,0.08,16139.0,True,6.1,59000.0,,1195,,,False,Female,1983-01-01,41.0,137000.0,False,False,False,False,False
app_356,Gary Davis,gary.davis57@gmail.com,291-94-4709,10.171.154.188,10058,67.0,0.4,28596.0,True,5.9,37000.0,,171,,,False,Male,1987-01-17,37.0,69000.0,False,False,False,False,False
app_164,Brian Brown,brian.brown61@yahoo.com,586-29-4288,192.168.240.12,10004,117.0,0.14,34221.0,True,4.1,62000.0,,1446,,2024-01-15T00:00:00Z,False,Male,1978-10-04,45.2,101000.0,False,False,False,False,False
app_372,Kathleen Mitchell,kathleen.mitchell10@outlook.com,381-49-1110,192.168.116.86,90229,115.0,0.22,22843.0,False,,,algorithm_risk_score,582,,,False,Female,1967-03-11,56.8,77000.0,False,False,False,False,False
app_460,Helen Ramirez,helen.ramirez17@yahoo.com,993-57-7662,10.10.20.83,90266,19.0,0.41,28777.0,False,,,insufficient_credit_history,438,,,False,Female,1988-05-31,35.6,85000.0,False,False,False,False,False
app_436,Amanda Torres,amanda.torres59@gmail.com,135-51-1195,172.18.137.22,90217,35.0,0.13,10311.0,True,3.9,63000.0,,339,,,True,Female,1998-06-02,25.6,,False,False,False,False,False
app_392,Emma Johnson,emma.johnson73@yahoo.com,518-98-9708,192.168.52.95,90217,0.0,0.16,25551.0,True,4.5,39000.0,,68,,,False,Female,1998-11-28,25.1,56000.0,False,False,False,False,False
app_264,Stephen Wright,stephen.wright37@yahoo.com,988-31-5993,172.20.59.38,10063,19.0,0.23,17902.0,True,4.3,39000.0,,802,,,False,Male,1996-04-07,27.7,50000.0,False,False,False,False,False
app_032,Andrew Martinez,andrew.martinez39@outlook.com,788-38-3158,172.26.119.18,30019,72.0,0.07,24282.0,True,5.5,75000.0,,2441,,,False,Male,1982-09-29,41.3,124000.0,False,False,False,False,False
app_483,Michael Sanchez,michael.sanchez85@aol.com,871-12-1159,192.168.5.114,10047,44.0,0.07,27423.0,True,6.5,80000.0,,474,,,False,Male,1975-09-11,48.3,99000.0,False,False,False,False,False
app_008,Karen Martin,karen.martin3@outlook.com,351-97-8739,10.234.196.212,90244,24.0,0.43,22882.0,True,3.6,51000.0,,881,,,False,Female,1993-07-12,30.5,80000.0,False,False,False,False,False
app_419,Timothy Hernandez,timothy.hernandez1@outlook.com,937-93-2440,172.30.247.166,10096,5.0,0.24,63180.0,False,,,algorithm_risk_score,966,,,False,Male,1987-09-18,36.3,125000.0,False,False,False,False,False
app_442,Amanda Wright,amanda.wright91@mail.com,735-49-5306,192.168.34.15,90232,88.0,0.11,13402.0,False,,,algorithm_risk_score,536,,,False,Female,1972-12-18,51.0,58000.0,False,False,False,False,False
app_493,Katherine Jones,katherine.jones30@hotmail.com,815-55-6710,172.28.130.54,90245,99.0,0.25,34716.0,True,4.1,24000.0,,1175,,,False,Female,1973-01-23,50.9,100000.0,False,False,False,False,False
app_416,Samuel Davis,samuel.davis97@mail.com,119-56-1715,10.203.158.136,10066,59.0,0.2,46148.0,False,,,algorithm_risk_score,1528,,,False,Male,1981-10-11,42.2,100000.0,False,False,False,False,False
app_119,Amy Hernandez,amy.hernandez98@protonmail.com,595-13-3321,172.30.159.145,90216,0.0,0.45,24617.0,False,,,algorithm_risk_score,761,,,False,Female,1991-12-21,32.0,74000.0,False,False,False,False,False
app_240,Maria Wright,maria.wright71@protonmail.com,391-67-6469,192.168.197.60,90209,83.0,0.14,59062.0,False,,,algorithm_risk_score,778,home_improvement,,False,Female,1974-11-27,49.1,130000.0,False,False,False,False,False
app_154,Michelle Perez,michelle.perez39@protonmail.com,372-23-4447,192.168.101.97,30015,65.0,0.09,86849.0,True,6.5,15000.0,,60,,2024-01-15T00:00:00Z,False,Female,1985-12-16,38.0,119000.0,False,False,False,False,False
app_166,Amy Harris,amy.harris92@mail.com,262-99-5707,192.168.208.6,90247,54.0,0.13,35023.0,False,,,algorithm_risk_score,685,,2024-01-15T00:00:00Z,False,Female,1978-08-03,45.4,118000.0,False,False,False,False,False
app_100,George Campbell,george.campbell53@outlook.com,438-48-3242,172.29.10.254,10001,99.0,0.22,36346.0,True,2.8,19000.0,,647,,,False,Male,1962-05-01,61.7,79000.0,False,False,False,False,False
app_107,George Garcia,george.garcia38@outlook.com,565-34-4484,172.30.66.2,10087,105.0,0.3,37143.0,False,,,algorithm_risk_score,1438,,,False,Male,1960-01-12,64.0,91000.0,False,False,False,False,False
app_088,Susan Martinez,susan.martinez83@protonmail.com,780-24-9300,172.23.224.13,90229,55.0,0.43,29118.0,False,,,algorithm_risk_score,339,,,False,Female,1986-10-15,37.2,55000.0,False,False,False,False,False
app_114,Shirley Thompson,shirley.thompson14@hotmail.com,841-69-3137,172.20.125.54,90204,52.0,0.12,23554.0,True,3.9,50000.0,,1080,,,False,Female,1991-03-01,32.8,75000.0,False,False,False,False,False
app_421,Donald Baker,donald.baker60@icloud.com,344-50-4287,192.168.147.249,10027,44.0,0.06,5018.0,True,6.0,45000.0,,1424,,,True,Male,1982-07-17,41.5,,False,False,False,False,False
app_323,Michael Thompson,michael.thompson45@gmail.com,862-33-2796,172.26.169.208,10090,92.0,0.4,27746.0,True,3.9,80000.0,,198,,,False,Male,1981-11-08,42.1,113000.0,False,False,False,False,False
app_288,Susan Young,susan.young22@mail.com,159-19-1765,192.168.114.250,90252,71.0,0.27,23054.0,True,5.5,67000.0,,434,,,False,Female,1962-11-05,61.2,88000.0,False,False,False,False,False
app_396,Katherine Harris,katherine.harris16@outlook.com,174-24-9597,10.14.75.95,10027,124.0,0.2,33232.0,True,5.4,40000.0,,1188,,,False,Female,1976-01-28,47.9,96000.0,False,False,False,False,False
app_371,Sarah Walker,sarah.walker95@mail.com,142-97-2132,10.57.113.229,90250,12.0,0.11,59032.0,False,,,algorithm_risk_score,1003,,,False,Female,1995-02-23,28.9,76000.0,False,False,False,False,False
app_479,Sandra Jones,sandra.jones59@outlook.com,424-34-1670,172.25.239.70,90205,56.0,0.11,15630.0,False,,,algorithm_risk_score,136,,,True,Female,1983-11-08,40.1,,False,False,False,False,False
app_149,Linda Nguyen,linda.nguyen56@protonmail.com,183-95-4538,10.251.107.38,90224,72.0,0.2,48329.0,True,5.1,29000.0,,946,,2024-01-15T00:00:00Z,False,Female,1978-11-10,45.1,132000.0,False,False,False,False,False
app_260,Thomas Hill,thomas.hill26@aol.com,855-44-3925,10.149.26.211,10035,66.0,0.2,1358.0,False,,,algorithm_risk_score,1135,,,False,Male,1967-10-09,56.2,36000.0,False,False,False,False,False
app_079,Elizabeth Hernandez,elizabeth.hernandez71@yahoo.com,112-96-1187,192.168.93.154,90280,102.0,0.31,32958.0,False,,,high_dti_ratio,1563,,,False,Female,1972-12-28,51.0,97000.0,False,False,False,False,False
app_251,Daniel Nelson,daniel.nelson71@protonmail.com,418-57-7031,192.168.70.66,10096,19.0,0.31,27789.0,False,,,algorithm_risk_score,1788,,,False,Male,1984-12-25,39.0,98000.0,False,False,False,False,False
app_404,Thomas Mitchell,thomas.mitchell21@aol.com,543-21-6993,172.30.59.137,10017,31.0,0.32,2729.0,True,5.9,69000.0,,1166,,,False,Male,1985-11-10,38.1,91000.0,False,False,False,False,False
app_247,Dorothy Torres,dorothy.torres17@aol.com,850-95-2871,192.168.138.165,90231,0.0,0.21,22335.0,False,,,algorithm_risk_score,1124,wedding,,False,Female,1999-06-16,24.5,64000.0,False,False,False,False,False
app_162,Eric Rodriguez,eric.rodriguez1@hotmail.com,122-21-5695,10.53.239.200,10066,47.0,0.3,10407.0,True,2.7,71000.0,,1117,,2024-01-15T00:00:00Z,False,Male,1991-12-11,32.1,55000.0,False,False,False,False,False
app_029,Rebecca Jackson,rebecca.jackson30@icloud.com,756-86-3510,172.31.169.14,10035,37.0,0.45,23075.0,True,3.1,48000.0,,258,,,False,Female,2001-03-23,22.8,46000.0,False,False,False,False,False
app_345,Justin White,justin.white92@yahoo.com,845-23-1957,192.168.91.204,10041,42.0,0.34,25288.0,False,,,algorithm_risk_score,122,,,False,Male,1978-08-20,45.4,60000.0,False,False,False,False,False
app_059,Jack Lewis,jack.lewis27@hotmail.com,134-13-3673,10.132.239.142,10029,50.0,0.3,40581.0,False,,,algorithm_risk_score,234,,,False,Male,1992-11-21,31.1,103000.0,False,False,False,False,False
app_484,Samuel Green,samuel.green79@gmail.com,497-67-8063,10.113.219.15,10001,27.0,0.27,10775.0,True,3.2,34000.0,,979,,,False,Male,1990-08-10,33.4,69000.0,False,False,False,False,False
app_346,Gary Martinez,gary.martinez58@protonmail.com,986-28-6936,172.21.15.191,90276,60.0,0.25,38125.0,False,,,algorithm_risk_score,752,,,False,Male,1979-10-29,44.2,140000.0,False,False,False,False,False
app_297,Daniel Green,daniel.green70@gmail.com,845-77-4845,172.29.27.236,10028,84.0,0.38,30102.0,True,3.5,58000.0,,1590,,,False,Male,1983-02-18,40.9,81000.0,False,False,False,False,False
app_223,Edward Nguyen,edward.nguyen90@yahoo.com,728-35-5170,10.162.20.136,10040,0.0,0.26,4528.0,True,5.1,40000.0,,112,medical,,False,Male,2000-12-28,23.0,57000.0,False,False,False,False,False
app_052,Kenneth Campbell,kenneth.campbell16@protonmail.com,255-10-9021,192.168.174.67,10052,119.0,0.11,38008.0,True,3.0,22000.0,,328,,,False,Male,1965-05-05,58.7,91000.0,False,False,False,False,False
app_261,Raymond Hall,raymond.hall45@hotmail.com,129-78-7265,10.137.212.135,10041,59.0,0.38,23287.0,False,,,algorithm_risk_score,604,,,False,Male,1972-12-28,51.0,63000.0,False,False,False,False,False
app_407,Jacob Ramirez,jacob.ramirez30@aol.com,458-36-1005,192.168.53.145,10076,31.0,0.26,32341.0,False,,,algorithm_risk_score,1439,,,False,Male,1990-11-09,33.1,74000.0,False,False,False,False,False
app_014,Pamela Gonzalez,pamela.gonzalez4@mail.com,622-41-3198,192.168.120.82,10086,35.0,0.45,9647.0,False,,,algorithm_risk_score,339,,,False,Female,1995-01-14,29.0,112000.0,False,False,False,False,False
app_143,David Wilson,david.wilson94@hotmail.com,855-76-9652,192.168.180.240,10048,113.0,0.28,23503.0,True,6.4,66000.0,,791,,2024-01-15T00:00:00Z,False,Male,1958-12-21,65.0,66000.0,False,False,False,False,False
app_036,Betty Hall,betty.hall38@hotmail.com,427-27-7779,10.141.198.139,90227,18.0,0.4,77318.0,True,3.3,49000.0,,723,,,False,Female,1988-03-31,35.8,141000.0,False,False,False,False,False
app_145,Carolyn Robinson,carolyn.robinson18@outlook.com,887-80-6350,10.99.68.231,90297,26.0,0.43,17930.0,False,,,algorithm_risk_score,826,,2024-01-15T00:00:00Z,False,Female,1990-10-04,33.2,85000.0,False,False,False,False,False
app_128,Thomas Scott,thomas.scott58@mail.com,857-88-7567,10.5.184.205,10078,81.0,0.4,73842.0,False,,,high_dti_ratio,199,,,False,Male,1985-04-02,38.7,94000.0,False,False,False,False,False
app_016,Gary Wilson,gary.wilson85@yahoo.com,780-24-9300,192.168.20.42,10091,71.0,0.37,86599.0,False,,,algorithm_risk_score,485,,,False,Male,1959-12-11,64.1,123000.0,False,False,False,False,False
app_144,Nicholas Taylor,nicholas.taylor14@icloud.com,745-28-4842,10.176.136.112,10024,0.0,0.27,23970.0,True,6.2,39000.0,,513,,2024-01-15T00:00:00Z,False,Male,1996-09-14,27.3,56000.0,False,False,False,False,False
app_134,Brandon Moore,brandon.moore99@aol.com,714-64-1550,10.236.143.233,10048,60.0,0.12,24889.0,True,6.0,69000.0,,595,,,False,Male,1993-10-06,30.2,98000.0,False,False,False,False,False
app_238,Andrew Carter,andrew.carter41@protonmail.com,760-94-9485,10.39.210.182,10057,112.0,0.17,65612.0,False,,,algorithm_risk_score,2094,business,,False,Male,1988-03-11,35.8,131000.0,False,False,False,False,False
app_270,Debra Flores,debra.flores69@protonmail.com,911-30-4999,172.24.233.43,10098,78.0,0.24,14687.0,False,,,algorithm_risk_score,150,,,False,Female,1993-10-19,30.2,58000.0,False,False,False,False,False
app_151,James Young,james.young39@outlook.com,582-51-4265,192.168.53.146,10019,59.0,0.4,53225.0,False,,,algorithm_risk_score,786,,2024-01-15T00:00:00Z,False,Male,1988-01-11,36.0,124000.0,False,False,False,False,False
app_382,Charles White,charles.white70@aol.com,160-88-7527,192.168.185.92,10091,12.0,0.42,26781.0,True,5.8,22000.0,,1798,,,False,Male,1994-10-01,29.3,102000.0,False,False,False,False,False
app_351,Gary Young,gary.young30@outlook.com,542-27-3301,10.156.74.115,30029,9.0,0.12,26062.0,False,,,algorithm_risk_score,809,,2025-12-01T00:00:00Z,False,Male,1995-04-14,28.7,67000.0,False,False,False,False,False
app_071,Debra Wilson,debra.wilson10@mail.com,542-49-2109,192.168.24.61,90208,69.0,0.07,72178.0,True,3.8,54000.0,,1596,,,False,Female,1978-02-03,45.9,134000.0,False,False,False,False,False
app_057,Betty Smith,betty.smith71@yahoo.com,848-93-7847,10.30.94.229,90255,42.0,0.15,38800.0,True,2.5,55000.0,,808,,,False,Female,1990-11-08,33.1,70000.0,False,False,False,False,False
app_278,Sarah Gonzalez,sarah.gonzalez66@yahoo.com,975-14-1465,10.133.35.59,10024,0.0,0.28,9221.0,False,,,algorithm_risk_score,414,,,False,Female,1997-05-21,26.6,56000.0,False,False,False,False,False
app_391,Jeffrey Perez,jeffrey.perez3@outlook.com,749-47-1082,192.168.93.38,10044,131.0,0.19,37029.0,True,4.9,65000.0,,461,,,False,Male,1963-03-29,60.8,69000.0,False,False,False,False,False
app_271,Katherine Lopez,katherine.lopez84@gmail.com,696-78-1129,192.168.120.3,90273,44.0,0.35,34950.0,True,5.8,17000.0,,128,,,False,Female,1988-07-28,35.4,95000.0,False,False,False,False,False
app_170,Ryan Lopez,ryan.lopez76@outlook.com,907-21-8853,10.160.161.230,30015,40.0,0.18,10709.0,True,3.3,79000.0,,1395,,2024-01-15T00:00:00Z,False,Male,1990-02-19,33.9,75000.0,False,False,False,False,False
app_005,Christine Mitchell,christine.mitchell3@outlook.com,400-91-8156,172.25.44.173,90296,76.0,0.06,15011.0,False,,,algorithm_risk_score,585,,,False,Female,1960-06-19,63.5,39000.0,False,False,False,False,False
app_043,Daniel King,daniel.king27@mail.com,166-23-2000,10.204.248.60,10038,,0.06,53098.0,True,3.9,68000.0,,862,,,False,Male,1985-08-17,38.4,131000.0,True,False,False,False,False
app_204,Jonathan Carter,mike johnson@gmail.com,972-81-1928,10.77.72.174,90256,63.0,0.22,14018.0,False,,,algorithm_risk_score,778,vacation,,False,Male,1983-04-12,40.7,81000.0,False,False,False,False,False
app_465,James Rivera,james.rivera15@outlook.com,853-96-1952,192.168.175.28,10041,89.0,0.32,27863.0,True,5.7,20000.0,,205,,,False,Male,1972-05-29,51.6,72000.0,False,False,False,False,False
app_448,Susan Flores,susan.flores60@mail.com,383-48-9078,172.26.210.172,90221,22.0,0.23,12120.0,True,6.4,47000.0,,83,,,False,Female,1983-12-17,40.0,57000.0,False,False,False,False,False
app_463,Emma Clark,emma.clark61@outlook.com,976-47-3536,10.194.129.196,90205,50.0,0.29,66878.0,False,,,algorithm_risk_score,919,,,True,Female,1975-04-26,48.7,,False,False,False,False,False
app_109,Anna Davis,anna.davis94@mail.com,239-98-1268,10.105.58.146,90278,27.0,0.23,17289.0,True,4.0,17000.0,,1554,,,False,Female,2000-01-03,24.0,47000.0,False,False,False,False,False
app_444,Brandon Brown,brandon.brown2@hotmail.com,761-72-9912,10.4.242.163,10077,56.0,0.23,28670.0,True,5.5,59000.0,,1103,,,False,Male,1981-10-28,42.2,91000.0,False,False,False,False,False
app_412,Alexander Wright,alexander.wright47@hotmail.com,912-89-2986,10.158.159.60,10096,61.0,0.43,25452.0,False,,,high_dti_ratio,334,,,False,Male,1997-02-16,26.9,53000.0,False,False,False,False,False
app_092,Linda Jones,linda.jones69@hotmail.com,671-44-4118,10.218.56.39,90222,31.0,0.4,14473.0,True,5.5,29000.0,,330,,,False,Female,1997-09-29,26.3,22000.0,False,False,False,False,False
app_135,Laura Wilson,laura.wilson90@outlook.com,754-90-5869,10.172.73.55,90202,92.0,0.22,9369.0,False,,,algorithm_risk_score,477,,,False,Female,1986-10-23,37.2,65000.0,False,False,False,False,False
app_104,Maria Adams,maria.adams22@aol.com,186-65-7168,10.130.39.7,90254,85.0,0.35,32846.0,True,3.6,76000.0,,425,,,False,Female,1972-09-25,51.3,84000.0,False,False,False,False,False
app_394,Karen Robinson,karen.robinson34@gmail.com,949-81-1792,192.168.66.232,90271,54.0,0.16,16646.0,False,,,algorithm_risk_score,940,,,False,Female,1998-09-02,25.3,61000.0,False,False,False,False,False
app_449,Lisa Roberts,lisa.roberts99@outlook.com,833-71-7935,172.23.144.234,90234,86.0,0.07,27467.0,True,5.7,54000.0,,498,,,True,Female,1968-11-09,55.1,,False,False,False,False,False
app_255,Larry Ramirez,larry.ramirez85@mail.com,646-37-3934,192.168.14.184,10083,32.0,0.07,13853.0,True,4.8,55000.0,,327,,,False,Male,1991-08-05,32.4,59000.0,False,False,False,False,False
app_365,Donald Ramirez,donald.ramirez2@protonmail.com,639-74-5472,192.168.85.102,10043,53.0,0.08,10899.0,True,2.6,29000.0,,763,,,False,Male,1989-04-20,34.7,79000.0,False,False,False,False,False
app_500,Gregory Robinson,gregory.robinson44@gmail.com,195-84-3232,192.168.9.203,10048,12.0,0.13,42908.0,True,5.2,38000.0,,451,,,False,Male,1991-02-27,32.8,86000.0,False,False,False,False,False
app_110,Mark Campbell,mark.campbell54@icloud.com,223-83-4934,192.168.251.236,10011,112.0,0.07,58086.0,True,3.4,78000.0,,497,,,False,Male,1962-07-07,61.5,111000.0,False,False,False,False,False
app_335,Matthew Johnson,matthew.johnson43@protonmail.com,520-53-3058,10.184.100.56,10092,75.0,0.16,57065.0,True,3.9,24000.0,,327,,,False,Male,1977-01-29,46.9,83000.0,False,False,False,False,False
app_490,Catherine King,catherine.king79@gmail.com,305-93-9799,172.29.194.13,90251,74.0,0.26,45864.0,False,,,algorithm_risk_score,1231,,,False,Female,1987-04-13,36.7,171000.0,False,False,False,False,False
app_258,Laura Thompson,laura.thompson44@protonmail.com,112-40-9635,10.248.44.99,90273,119.0,0.19,21151.0,True,6.5,73000.0,,1369,,,False,Female,1975-04-14,48.7,71000.0,False,False,False,False,False
app_262,Lisa Nelson,lisa.nelson41@protonmail.com,141-88-9385,172.31.49.104,90264,38.0,0.09,18075.0,False,,,algorithm_risk_score,760,,,False,Female,1999-09-28,24.3,46000.0,False,False,False,False,False
app_303,Catherine Smith,catherine.smith85@outlook.com,961-32-4455,192.168.65.3,90281,67.0,0.41,9650.0,False,,,algorithm_risk_score,1280,,,False,Female,1998-03-12,25.8,41000.0,False,False,False,False,False
app_290,Stephanie Perez,stephanie.perez69@gmail.com,866-48-3726,172.25.130.219,90221,39.0,0.27,,True,4.3,49000.0,,599,,,False,Female,1990-01-06,34.0,104000.0,False,False,False,False,True
app_073,Susan Flores,susan.flores83@gmail.com,470-84-5617,10.4.117.75,90252,60.0,0.08,30412.0,True,4.8,51000.0,,1029,,,False,Female,1985-02-02,38.9,97000.0,False,False,False,False,False
app_201,James Baker,james.baker60@yahoo.com,703-96-2898,10.138.254.4,10088,27.0,0.11,11695.0,False,,,algorithm_risk_score,602,home_improvement,,False,Male,1996-12-31,27.0,36000.0,False,False,False,False,False
app_156,Jessica Green,jessica.green86@gmail.com,801-19-4595,192.168.59.201,90239,,0.21,13641.0,False,,,algorithm_risk_score,218,,2024-01-15T00:00:00Z,False,Female,1999-11-28,24.1,25000.0,True,False,False,False,False
app_193,Rachel King,rachel.king61@gmail.com,852-24-1787,10.39.214.38,90221,9.0,0.08,30968.0,False,,,insufficient_credit_history,960,,2024-01-15T00:00:00Z,False,Female,1984-08-02,39.4,155000.0,False,False,False,False,False
app_294,Susan King,susan.king68@aol.com,678-39-1724,192.168.87.207,90298,15.0,0.36,36582.0,False,,,high_dti_ratio,484,,,False,Female,1985-03-13,38.8,120000.0,False,False,False,False,False
app_226,Susan Flores,susan.flores95@mail.com,817-96-6416,192.168.196.9,90231,61.0,0.17,66276.0,True,6.1,46000.0,,726,vacation,,False,Female,1982-04-18,41.7,148000.0,False,False,False,False,False
app_033,Barbara Anderson,barbara.anderson27@hotmail.com,564-99-3399,192.168.114.161,30047,73.0,0.1,27950.0,True,6.0,51000.0,,185,,,False,Female,1993-12-10,30.1,83000.0,False,False,False,False,False
app_429,Patricia Perez,patricia.perez24@gmail.com,292-99-2030,172.17.194.147,90286,41.0,0.18,26023.0,False,,,algorithm_risk_score,498,,,False,Female,1996-02-26,27.8,77000.0,False,False,False,False,False
app_172,Rachel Sanchez,rachel.sanchez78@hotmail.com,557-61-9414,10.130.95.22,90213,14.0,0.14,31122.0,False,,,algorithm_risk_score,809,,2024-01-15T00:00:00Z,False,Female,1988-11-17,35.1,64000.0,False,False,False,False,False
app_179,Paul Roberts,paul.roberts46@yahoo.com,880-83-3129,172.21.233.185,10092,30.0,0.24,31966.0,True,3.4,42000.0,,1234,,2026-03-15T00:00:00Z,False,Male,1993-07-12,30.5,85000.0,False,False,False,False,False
app_283,Cynthia Johnson,cynthia.johnson21@protonmail.com,321-71-4810,10.23.78.49,10055,5.0,0.09,34596.0,False,,,algorithm_risk_score,648,,,False,Female,1990-12-27,33.0,70000.0,False,False,False,False,False
app_446,Ronald King,ronald.king78@protonmail.com,352-74-8563,192.168.40.222,10015,19.0,0.31,47962.0,True,3.4,20000.0,,1549,,,False,Male,1998-04-16,25.7,73000.0,False,False,False,False,False
app_454,Sharon Jackson,sharon.jackson27@outlook.com,953-65-4954,172.28.143.211,90219,74.0,0.18,32988.0,True,5.3,76000.0,,592,,,False,Female,1980-04-05,43.7,99000.0,False,False,False,False,False
app_027,Nicole Taylor,nicole.taylor83@icloud.com,518-58-6736,192.168.213.217,90214,16.0,0.28,31461.0,False,,,insufficient_credit_history,576,,,False,Female,1994-04-05,29.7,75000.0,False,False,False,False,False
app_376,Brenda Young,brenda.young74@gmail.com,985-67-3351,172.22.235.81,90283,96.0,0.2,33059.0,False,,,algorithm_risk_score,212,,,False,Female,1968-10-01,55.2,82000.0,False,False,False,False,False
app_083,Justin Walker,justin.walker56@gmail.com,423-24-4926,172.27.230.121,10069,40.0,0.23,29607.0,False,,,algorithm_risk_score,1126,,,False,Male,1989-11-04,34.2,57000.0,False,False,False,False,False
app_379,Alexander Scott,alexander.scott21@outlook.com,103-99-1167,10.179.246.181,10019,31.0,0.42,44360.0,False,,,algorithm_risk_score,1129,,,False,Male,1987-10-23,36.2,103000.0,False,False,False,False,False
app_072,Kimberly Anderson,kimberly.anderson44@mail.com,534-80-4167,172.23.107.141,30044,20.0,0.28,19076.0,False,,,insufficient_credit_history,388,,,False,Female,1998-03-14,25.8,65000.0,False,False,False,False,False
app_408,Raymond Garcia,raymond.garcia80@mail.com,774-49-4143,172.27.203.107,30022,53.0,0.38,29820.0,True,4.8,37000.0,,748,,,False,Male,1969-09-27,54.3,74000.0,False,False,False,False,False
app_384,Joshua Walker,joshua.walker25@hotmail.com,556-25-7621,172.28.91.31,10004,3.0,0.06,9529.0,True,2.6,60000.0,,415,,,False,Male,1997-02-27,26.8,46000.0,False,False,False,False,False
app_070,Karen Rodriguez,karen.rodriguez76@yahoo.com,809-96-3820,172.22.141.14,90292,59.0,0.43,24655.0,False,,,algorithm_risk_score,168,,,False,Female,1980-09-02,43.3,121000.0,False,False,False,False,False
app_299,Samuel Gonzalez,test.user.outlook.com,626-69-8549,172.29.212.150,10054,58.0,0.18,23101.0,False,,,algorithm_risk_score,2172,,,False,Male,1972-08-28,51.3,64000.0,False,False,False,False,False
app_056,Kenneth Hall,kenneth.hall2@mail.com,195-78-2598,192.168.194.157,10069,37.0,0.35,33129.0,False,,,algorithm_risk_score,940,,,False,Male,1980-12-24,43.0,99000.0,False,False,False,False,False
app_245,Jason Hernandez,jason.hernandez70@yahoo.com,352-47-5158,192.168.154.147,10038,30.0,0.26,26829.0,True,4.0,44000.0,,638,debt_consolidation,,False,Male,1994-06-25,29.5,97000.0,False,False,False,False,False
app_489,Barbara Johnson,barbara.johnson68@gmail.com,413-10-2568,10.64.32.85,90284,84.0,0.06,14947.0,False,,,low_income,1534,,,False,Female,1966-07-25,57.4,47000.0,False,False,False,False,False
app_230,Cynthia Flores,cynthia.flores14@outlook.com,726-19-5382,10.145.124.45,90291,133.0,0.19,14427.0,True,5.3,71000.0,,867,medical,,False,Female,1963-05-21,60.6,63000.0,False,False,False,False,False
app_216,Jason Moore,jason.moore86@aol.com,308-39-2669,192.168.11.119,10020,77.0,0.37,61470.0,True,5.8,42000.0,,440,wedding,,False,Male,1980-07-20,43.4,111000.0,False,False,False,False,False
app_413,Anthony Jackson,,584-37-2562,172.20.164.12,10044,30.0,0.3,41179.0,True,6.2,41000.0,,856,,,True,Male,1986-10-21,37.2,92000.0,False,False,False,False,False
app_252,Christine Torres,christine.torres96@yahoo.com,307-76-8036,10.121.126.37,90270,29.0,0.44,10534.0,False,,,insufficient_credit_history,1828,,,False,Female,2001-12-23,22.0,31000.0,False,False,False,False,False
app_347,Matthew Martinez,matthew.martinez83@outlook.com,365-28-4231,192.168.106.31,10094,42.0,0.38,17742.0,True,6.3,38000.0,,65,,,False,Male,1979-01-04,45.0,80000.0,False,False,False,False,False
app_435,Joseph Robinson,joseph.robinson60@yahoo.com,681-82-8445,10.152.220.19,10077,51.0,0.22,11727.0,True,5.6,51000.0,,663,,,False,Male,1985-04-25,38.7,89000.0,False,False,False,False,False
app_498,James Rivera,james.rivera25@gmail.com,942-34-6834,172.18.221.237,90276,33.0,0.29,36901.0,False,,,algorithm_risk_score,270,,,False,Male,1989-10-19,34.2,86000.0,False,False,False,False,False
app_364,Sarah Jones,sarah.jones80@gmail.com,201-26-8876,192.168.154.187,90270,49.0,0.27,36070.0,True,6.2,27000.0,,401,,,False,Female,1967-10-27,56.2,69000.0,False,False,False,False,False
app_254,Dennis Torres,dennis.torres14@icloud.com,521-92-4764,10.120.100.163,10003,31.0,0.4,29666.0,True,2.9,46000.0,,691,,,False,Male,1981-09-28,42.3,77000.0,False,False,False,False,False
app_106,Michael White,michael.white97@mail.com,285-12-3751,192.168.62.179,10043,20.0,0.16,13124.0,False,,,algorithm_risk_score,636,,,False,Male,1999-08-28,24.3,44000.0,False,False,False,False,False
app_475,Dorothy Anderson,dorothy.anderson57@outlook.com,289-90-8282,192.168.143.36,90296,43.0,0.36,24107.0,True,4.5,61000.0,,460,,,False,Female,1982-06-29,41.5,108000.0,False,False,False,False,False
app_117,Joshua Lee,joshua.lee75@aol.com,899-51-8077,10.112.253.70,10002,109.0,0.21,22879.0,True,5.9,77000.0,,339,,,False,Male,1981-06-20,42.5,69000.0,False,False,False,False,False
app_474,Sharon Hall,sharon.hall52@mail.com,580-66-6265,172.22.85.37,90242,51.0,0.19,13712.0,False,,,algorithm_risk_score,146,,,False,Female,1996-08-21,27.4,40000.0,False,False,False,False,False
app_205,Anna Rodriguez,anna.rodriguez64@hotmail.com,676-49-1041,10.244.192.51,90267,53.0,0.25,23205.0,False,,,algorithm_risk_score,1548,vacation,,False,Female,1985-06-02,38.6,66000.0,False,False,False,False,False
app_477,Dennis White,dennis.white80@yahoo.com,586-69-8442,192.168.193.44,10096,12.0,0.42,22805.0,False,,,algorithm_risk_score,683,,,False,Male,1992-08-07,31.4,82000.0,False,False,False,False,False
app_338,Stephanie Davis,stephanie.davis2@icloud.com,720-23-7583,192.168.65.96,90285,82.0,0.14,42137.0,True,5.7,67000.0,,818,,,False,Female,1983-10-26,40.2,132000.0,False,False,False,False,False
app_430,Anna Mitchell,anna.mitchell67@gmail.com,510-73-7761,192.168.140.42,10066,28.0,0.19,17717.0,False,,,algorithm_risk_score,748,,,False,Female,1979-04-21,44.7,97000.0,False,False,False,False,False
app_330,Scott Brown,scott.brown39@hotmail.com,415-46-6409,192.168.147.254,10026,1.0,0.28,35500.0,False,,,algorithm_risk_score,885,,,False,Male,1980-09-19,43.3,136000.0,False,False,False,False,False
app_398,Susan Nelson,susan.nelson67@protonmail.com,270-80-2724,172.31.197.62,90272,92.0,0.14,20917.0,False,,,algorithm_risk_score,1547,,,False,Female,1969-12-10,54.1,58000.0,False,False,False,False,False
app_321,Susan Young,susan.young28@hotmail.com,395-66-6220,172.25.233.1,10081,77.0,0.07,26411.0,False,,,algorithm_risk_score,61,,,False,Female,1981-06-11,42.6,74000.0,False,False,False,False,False
app_464,Christine Hill,christine.hill24@gmail.com,400-67-4126,172.21.190.120,90239,28.0,0.33,22193.0,False,,,high_dti_ratio,1175,,,False,Female,1993-06-13,30.6,41000.0,False,False,False,False,False
app_427,Joseph Wilson,joseph.wilson4@mail.com,508-58-9304,10.236.75.112,90299,80.0,0.27,39525.0,True,5.6,34000.0,,890,,,False,Male,1983-12-10,40.1,117000.0,False,False,False,False,False
app_019,Joshua King,joshua.king45@gmail.com,765-10-4403,192.168.10.121,10086,78.0,0.18,23420.0,True,6.4,19000.0,,1124,,,False,Male,1983-05-17,40.6,130000.0,False,False,False,False,False
app_126,Jerry Rodriguez,jerry.rodriguez40@protonmail.com,477-14-5888,192.168.199.162,10054,48.0,0.39,33657.0,True,4.1,37000.0,,861,,,False,Male,1988-08-02,35.4,83000.0,False,False,False,False,False
app_424,Kevin Campbell,kevin.campbell22@gmail.com,671-88-1195,192.168.252.141,10020,30.0,0.12,13780.0,False,,,algorithm_risk_score,627,,,False,Male,1983-12-23,40.0,98000.0,False,False,False,False,False
app_354,Gregory Torres,gregory.torres94@outlook.com,365-48-6262,10.76.180.77,10066,104.0,0.33,47231.0,True,4.7,44000.0,,1598,,,False,Male,1978-12-28,45.0,89000.0,False,False,False,False,False
app_060,Jacob Nguyen,jacob.nguyen66@hotmail.com,736-38-8515,192.168.170.43,10042,11.0,0.07,12900.0,True,3.8,52000.0,,773,,,False,Male,1998-03-25,25.8,25000.0,False,False,False,False,False
app_340,Samantha Allen,samantha.allen89@protonmail.com,334-78-8984,172.26.145.134,90238,56.0,0.18,45341.0,True,4.3,33000.0,,1047,,,False,Female,1988-12-09,35.1,107000.0,False,False,False,False,False
app_353,Lisa Jones,lisa.jones93@outlook.com,195-45-8451,10.228.14.60,10069,26.0,0.24,23924.0,False,,,algorithm_risk_score,836,,,False,Female,1996-03-26,27.8,73000.0,False,False,False,False,False
app_031,Frank Baker,frank.baker87@icloud.com,216-52-4471,172.28.35.177,90258,83.0,0.36,17700.0,True,4.4,51000.0,,537,,,False,Male,1973-05-05,50.7,79000.0,False,False,False,False,False
app_332,Timothy Green,timothy.green52@hotmail.com,677-21-7073,10.114.65.83,10025,70.0,0.19,43950.0,True,6.3,52000.0,,810,,,False,Male,1981-09-28,42.3,119000.0,False,False,False,False,False
app_085,Barbara Brown,barbara.brown97@yahoo.com,435-96-5496,10.229.154.59,90234,5.0,0.15,18428.0,False,,,insufficient_credit_history,1398,,,False,Female,2000-01-12,24.0,37000.0,False,False,False,False,False
app_176,Steven Lee,steven.lee49@mail.com,952-58-1833,192.168.177.187,10058,60.0,0.22,46039.0,True,4.9,35000.0,,300,,2024-01-15T00:00:00Z,False,Male,1989-07-26,34.4,91000.0,False,False,False,False,False
app_381,Patricia Adams,patricia.adams53@aol.com,498-99-6200,10.248.165.138,90209,51.0,0.19,32404.0,False,,,algorithm_risk_score,289,,,False,Female,1995-01-08,29.0,82000.0,False,False,False,False,False
app_471,Nicholas Lewis,nicholas.lewis84@yahoo.com,352-53-7529,10.197.113.236,10032,61.0,0.08,9728.0,True,2.7,50000.0,,224,,,False,Male,1979-12-26,44.0,80000.0,False,False,False,False,False
app_236,Amy Torres,amy.torres56@yahoo.com,760-35-4986,10.4.65.185,90296,4.0,0.25,25550.0,True,6.2,23000.0,,1300,education,,False,Female,2002-04-24,21.7,62000.0,False,False,False,False,False
app_102,Edward Rivera,edward.rivera86@gmail.com,747-44-8460,192.168.182.247,90279,25.0,0.2,20000.0,True,3.2,22000.0,,320,,,False,Male,1993-12-27,30.0,76000.0,False,False,False,False,False
app_400,Mary Jackson,mary.jackson36@yahoo.com,760-50-5199,192.168.109.56,30034,0.0,0.28,5953.0,True,4.7,27000.0,,181,,,False,Female,2000-06-24,23.5,48000.0,False,False,False,False,False
app_259,Debra Harris,debra.harris54@aol.com,397-87-5682,192.168.219.135,90260,92.0,0.27,54425.0,True,6.0,44000.0,,549,,,False,Female,1964-02-29,59.8,94000.0,False,False,False,False,False
app_196,Rachel Hernandez,rachel.hernandez83@yahoo.com,798-57-4126,10.7.164.75,90225,19.0,0.26,12943.0,True,6.4,47000.0,,1952,,2024-01-15T00:00:00Z,False,Female,1995-04-17,28.7,88000.0,False,False,False,False,False
app_387,Kimberly Clark,kimberly.clark21@aol.com,461-84-7853,10.72.175.55,90243,46.0,0.41,17222.0,True,5.4,23000.0,,1948,,,False,Female,1986-09-17,37.3,83000.0,False,False,False,False,False
app_250,Mark Walker,mark.walker39@protonmail.com,165-64-6386,172.19.52.123,10048,37.0,0.06,48618.0,True,5.6,33000.0,,430,debt_consolidation,,False,Male,1997-04-25,26.7,68000.0,False,False,False,False,False
app_225,George Clark,george.clark56@mail.com,745-55-9936,10.159.91.211,30017,0.0,0.28,3918.0,False,,,algorithm_risk_score,153,education,,False,Male,2001-01-03,23.0,22000.0,False,False,False,False,False
app_067,Scott Wilson,scott.wilson54@gmail.com,760-63-1612,192.168.141.24,10031,36.0,0.37,10486.0,True,4.3,56000.0,,186,,,False,Male,1997-05-07,26.7,39000.0,False,False,False,False,False
app_337,Michelle Garcia,michelle.garcia72@protonmail.com,884-71-2102,10.253.246.138,90237,60.0,0.41,56840.0,True,5.7,45000.0,,312,,,False,Female,1993-07-26,30.4,100000.0,False,False,False,False,False
app_081,Kimberly Rodriguez,kimberly.rodriguez29@hotmail.com,560-36-1890,192.168.181.17,10053,8.0,0.32,13208.0,False,,,high_dti_ratio,519,,,False,Female,1993-06-16,30.5,41000.0,False,False,False,False,False
app_434,Edward Flores,edward.flores2@icloud.com,565-99-4837,192.168.194.45,10050,0.0,0.27,14397.0,False,,,algorithm_risk_score,644,,,False,Male,1999-10-08,24.2,35000.0,False,False,False,False,False
app_397,Kimberly Jackson,kimberly.jackson7@aol.com,490-86-7662,172.27.220.170,90295,113.0,0.35,39164.0,True,3.0,63000.0,,730,,,False,Female,1980-12-21,43.0,133000.0,False,False,False,False,False
app_050,Amanda Brown,amanda.brown92@yahoo.com,695-46-5371,172.30.31.249,90267,49.0,0.06,9588.0,True,2.5,48000.0,,519,,,False,Female,1994-05-06,29.7,30000.0,False,False,False,False,False
app_220,Anthony Johnson,anthony.johnson10@yahoo.com,795-39-2227,192.168.31.81,10034,48.0,0.17,18326.0,False,,,algorithm_risk_score,484,education,,False,Male,1987-11-21,36.1,121000.0,False,False,False,False,False
app_171,Amy Rivera,amy.rivera53@mail.com,361-95-9120,172.19.104.23,90252,47.0,0.32,16227.0,True,6.2,78000.0,,461,,2024-01-15T00:00:00Z,False,Female,1996-05-08,27.6,104000.0,False,False,False,False,False
app_017,Nicole Allen,nicole.allen46@outlook.com,974-39-2580,192.168.15.187,90282,60.0,0.15,40059.0,True,6.1,55000.0,,996,,,False,Female,1995-02-11,28.9,109000.0,False,False,False,False,False
app_304,Pamela Nelson,pamela.nelson7@aol.com,117-67-6540,10.224.21.213,90208,69.0,0.2,51392.0,False,,,algorithm_risk_score,62,,,False,Female,1981-08-06,42.4,106000.0,False,False,False,False,False
app_462,Debra Gonzalez,debra.gonzalez91@protonmail.com,364-67-3550,172.31.18.200,90278,78.0,0.18,25979.0,True,2.8,60000.0,,1372,,,False,Female,1966-02-17,57.9,91000.0,False,False,False,False,False
app_103,Debra Torres,debra.torres21@yahoo.com,607-72-9550,172.30.61.68,10085,56.0,0.25,61857.0,True,4.3,48000.0,,693,,,False,Female,1977-02-19,46.9,148000.0,False,False,False,False,False
app_090,Amanda Perez,amanda.perez24@icloud.com,757-82-3322,192.168.29.216,90297,41.0,0.05,25176.0,True,4.4,67000.0,,1610,,,False,Female,1991-05-25,32.6,46000.0,False,False,False,False,False
app_094,Kenneth Scott,kenneth.scott82@outlook.com,693-48-2032,10.175.210.27,10092,44.0,0.43,47525.0,True,4.3,28000.0,,1894,,,False,Male,1986-11-03,37.2,111000.0,False,False,False,False,False
app_343,Susan Moore,susan.moore71@protonmail.com,507-29-9393,192.168.113.193,90275,26.0,0.18,33687.0,False,,,insufficient_credit_history,257,,,False,Female,1979-05-02,44.7,96000.0,False,False,False,False,False
app_334,Raymond Martinez,raymond.martinez88@hotmail.com,251-97-3004,172.27.74.105,10004,29.0,0.1,42204.0,True,4.4,57000.0,,794,,,False,Male,1979-12-01,44.1,83000.0,False,False,False,False,False
app_403,William Davis,william.davis38@yahoo.com,636-51-1389,192.168.227.127,10054,96.0,0.09,55499.0,False,,,algorithm_risk_score,291,,,False,Male,1977-01-19,46.9,138000.0,False,False,False,False,False
app_447,Jerry Nguyen,jerry.nguyen71@aol.com,799-19-9143,172.23.251.177,10071,48.0,0.19,28600.0,True,6.2,22000.0,,139,,,False,Male,1964-02-22,59.9,77000.0,False,False,False,False,False
app_291,Dennis Rivera,dennis.rivera40@icloud.com,786-56-7935,10.35.42.14,10070,44.0,0.41,19247.0,True,4.3,67000.0,,684,,,False,Male,1990-05-29,33.6,79000.0,False,False,False,False,False
app_219,Shirley Davis,shirley.davis94@yahoo.com,994-53-6088,10.71.231.137,90225,28.0,0.09,66409.0,False,,,insufficient_credit_history,423,debt_consolidation,,False,Female,1983-11-05,40.2,99000.0,False,False,False,False,False
app_478,Christine Young,christine.young13@hotmail.com,558-88-5577,192.168.174.101,90294,21.0,0.28,21504.0,True,2.9,52000.0,,624,,,False,Female,1994-06-30,29.5,74000.0,False,False,False,False,False
app_125,Sharon Martinez,sharon.martinez70@hotmail.com,513-27-3988,10.188.66.157,90203,72.0,0.36,30414.0,False,,,algorithm_risk_score,385,,,False,Female,1988-06-25,35.5,77000.0,False,False,False,False,False
app_242,Raymond Davis,raymond.davis31@outlook.com,493-70-3412,172.26.163.12,90273,84.0,0.42,28348.0,False,,,algorithm_risk_score,1177,moving,,False,Male,1993-01-11,31.0,51000.0,False,False,False,False,False
app_423,Charles Hill,charles.hill58@outlook.com,697-56-2746,192.168.76.175,10026,66.0,0.28,40301.0,True,3.6,41000.0,,768,,,False,Male,1992-08-16,31.4,103000.0,False,False,False,False,False
app_438,Ryan Jones,ryan.jones94@protonmail.com,585-89-1335,192.168.173.123,10090,35.0,0.22,7228.0,False,,,algorithm_risk_score,1493,,,False,Male,1995-12-19,28.0,38000.0,False,False,False,False,False
app_077,Deborah Campbell,deborah.campbell7@icloud.com,199-17-5138,172.19.144.24,90275,27.0,0.15,41449.0,False,,,algorithm_risk_score,878,,,False,Female,1994-01-07,30.0,86000.0,False,False,False,False,False
app_194,Ashley Allen,ashley.allen44@protonmail.com,811-74-5906,10.92.26.69,90223,3.0,0.09,32385.0,False,,,algorithm_risk_score,224,,2024-01-15T00:00:00Z,False,Female,1992-03-16,31.8,80000.0,False,False,False,False,False
app_004,Karen Nelson,karen.nelson35@outlook.com,486-50-5539,172.31.79.76,90217,9.0,0.41,10327.0,False,,,high_dti_ratio,1139,,,False,Female,1995-02-28,28.8,69000.0,False,False,False,False,False
app_189,Christopher Anderson,christopher.anderson49@protonmail.com,538-69-7345,10.238.76.188,90255,71.0,0.06,41414.0,True,5.5,39000.0,,761,,2024-01-15T00:00:00Z,False,Male,1966-05-31,57.6,95000.0,False,False,False,False,False
app_357,Rebecca Wright,rebecca.wright9@mail.com,293-82-3507,10.172.238.52,30007,3.0,0.09,33537.0,False,,,insufficient_credit_history,889,,,False,Female,1992-09-28,31.3,76000.0,False,False,False,False,False
app_281,Timothy Davis,timothy.davis7@outlook.com,971-87-5125,172.17.250.191,10071,26.0,0.29,39634.0,True,5.9,47000.0,,527,,,False,Male,1988-09-06,35.3,99000.0,False,False,False,False,False
app_034,Larry Williams,larry.williams47@protonmail.com,142-17-2501,172.20.137.145,10013,53.0,0.36,38528.0,True,4.0,68000.0,,358,,,False,Male,1985-05-15,38.6,88000.0,False,False,False,False,False
app_451,Gary Gonzalez,gary.gonzalez21@icloud.com,237-86-8164,192.168.184.20,10020,49.0,0.12,24958.0,True,3.1,40000.0,,733,,,False,Male,1981-07-13,42.5,101000.0,False,False,False,False,False
app_011,Linda Martin,linda.martin88@hotmail.com,471-84-3299,10.244.191.172,90205,5.0,0.31,24246.0,False,,,algorithm_risk_score,857,,,False,Female,1992-12-30,31.0,89000.0,False,False,False,False,False
app_469,Sandra Garcia,sandra.garcia94@protonmail.com,470-66-7883,192.168.232.123,90218,11.0,0.38,21972.0,False,,,algorithm_risk_score,673,,,False,Female,1997-03-01,26.8,47000.0,False,False,False,False,False
app_248,Susan Clark,susan.clark76@outlook.com,759-56-5500,10.196.31.120,90258,111.0,0.2,41525.0,False,,,algorithm_risk_score,620,debt_consolidation,,False,Female,1963-12-07,60.1,84000.0,False,False,False,False,False
app_311,Anna Jones,anna.jones21@gmail.com,439-27-7275,172.18.235.175,90234,22.0,0.43,11285.0,True,4.2,44000.0,,1001,,,False,Female,2001-10-02,22.2,85432.789123,False,False,False,False,False
app_362,Michelle Anderson,michelle.anderson65@gmail.com,756-79-8536,192.168.124.18,90279,18.0,0.1,35720.0,False,,,algorithm_risk_score,479,,,False,Female,2000-12-24,23.0,70000.0,False,False,False,False,False
app_445,Sarah Adams,sarah.adams85@hotmail.com,325-39-8274,192.168.193.100,90219,71.0,0.14,17179.0,True,3.1,79000.0,,862,,,False,Female,1958-09-21,65.3,86000.0,False,False,False,False,False
app_211,Barbara Martin,barbara.martin84@mail.com,112-31-7412,172.28.207.224,90222,75.0,0.08,62775.0,False,,,algorithm_risk_score,136,education,,False,Female,1988-08-19,35.4,112000.0,False,False,False,False,False
app_118,Dorothy Perez,dorothy.perez34@gmail.com,132-21-8550,192.168.87.39,30038,87.0,0.34,47222.0,False,,,algorithm_risk_score,963,,,False,Female,1959-01-01,65.0,110000.0,False,False,False,False,False
app_496,Rachel Miller,rachel.miller69@protonmail.com,953-69-6408,10.194.95.93,90211,40.0,0.31,23949.0,True,6.2,25000.0,,175,,,False,Female,1979-11-12,44.1,87000.0,False,False,False,False,False
app_282,Lisa Baker,lisa.baker23@mail.com,377-29-6956,192.168.209.25,30017,66.0,0.07,32286.0,False,,,algorithm_risk_score,399,,,False,Female,1978-03-07,45.8,118000.0,False,False,False,False,False
app_300,Ashley Scott,ashley.scott88@mail.com,638-10-7462,192.168.4.136,10094,0.0,0.39,40180.0,True,3.5,36000.0,,1199,,,False,Female,1990-06-11,33.6,75000.0,False,False,False,False,False
app_253,Barbara Allen,barbara.allen1@mail.com,497-28-5851,172.30.65.21,90241,91.0,0.29,27309.0,False,,,algorithm_risk_score,223,,,False,Female,1970-08-11,53.4,93000.0,False,False,False,False,False
app_393,Brandon Clark,brandon.clark68@mail.com,644-43-8722,172.27.210.50,10048,21.0,0.14,10886.0,False,,,insufficient_credit_history,2061,,,False,Male,1997-08-08,26.4,58000.0,False,False,False,False,False
app_292,Paul Rivera,paul.rivera53@hotmail.com,220-19-6890,10.5.165.220,10002,125.0,0.24,63682.0,True,5.5,53000.0,,529,,,False,Male,1984-03-23,39.8,105000.0,False,False,False,False,False
app_120,Carolyn Martin,,,,90240,96.0,0.45,26517.0,False,,,algorithm_risk_score,1398,,,True,Female,,,103000.0,False,False,False,False,False
app_068,Emily Lopez,john.doe@invalid,641-36-7605,172.19.231.218,90282,30.0,0.31,40791.0,True,4.9,20000.0,,765,,,False,Female,1993-09-05,30.3,75000.0,False,False,False,False,False
app_157,Brenda Brown,brenda.brown63@gmail.com,237-95-4979,192.168.249.111,10015,34.0,0.11,38281.0,True,5.9,51000.0,,1033,,2024-01-15T00:00:00Z,False,Female,1982-12-30,41.0,110000.0,False,False,False,False,False
app_158,Maria Harris,maria.harris38@outlook.com,456-33-1025,172.29.126.102,90286,31.0,0.38,27666.0,False,,,algorithm_risk_score,2266,,2024-01-15T00:00:00Z,False,Female,1994-12-08,29.1,74000.0,False,False,False,False,False
app_409,Jennifer Anderson,jennifer.anderson21@icloud.com,841-30-7960,192.168.11.106,90292,70.0,0.18,15473.0,True,2.8,20000.0,,577,,,False,Female,1988-03-18,35.8,100000.0,False,False,False,False,False
app_150,Barbara Smith,barbara.smith46@aol.com,740-83-3254,172.19.176.111,90208,49.0,0.25,38059.0,True,3.0,38000.0,,858,,2024-01-15T00:00:00Z,False,Female,1980-08-10,43.4,106000.0,False,False,False,False,False
app_213,Matthew Sanchez,matthew.sanchez19@gmail.com,159-79-2670,172.22.75.182,10071,31.0,0.13,17081.0,True,5.1,56000.0,,522,wedding,,False,Male,1999-09-23,24.3,54000.0,False,False,False,False,False
app_361,Steven Harris,steven.harris82@yahoo.com,243-47-6228,172.29.158.152,10013,19.0,0.2,54813.0,False,,,algorithm_risk_score,753,,,False,Male,1985-10-03,38.2,140000.0,False,False,False,False,False
app_040,Samuel Carter,samuel.carter11@yahoo.com,692-44-9305,172.23.184.53,10015,51.0,0.19,28995.0,False,,,algorithm_risk_score,499,,,False,Male,1983-05-05,40.7,90000.0,False,False,False,False,False
app_003,Lisa Gonzalez,lisa.gonzalez51@yahoo.com,833-33-5929,172.21.35.195,90213,74.0,0.43,7090.0,True,3.4,76000.0,,450,,,False,Female,1982-08-24,41.4,65000.0,False,False,False,False,False
app_433,Karen Johnson,karen.johnson38@gmail.com,112-79-4713,10.114.154.164,10010,28.0,0.14,26113.0,True,4.4,78000.0,,530,,,False,Female,1991-09-15,32.3,67000.0,False,False,False,False,False
app_301,Susan Baker,susan.baker33@protonmail.com,462-23-1465,10.59.198.228,90226,50.0,0.1,28502.0,False,,,algorithm_risk_score,1008,,,False,Female,1981-03-18,42.8,65000.0,False,False,False,False,False
app_153,Rachel Anderson,rachel.anderson41@aol.com,156-84-7704,192.168.15.193,90222,56.0,0.36,11446.0,True,6.4,33000.0,,377,,2024-01-15T00:00:00Z,False,Female,1979-01-24,44.9,76000.0,False,False,False,False,False
app_363,Patrick Allen,patrick.allen34@outlook.com,213-45-1895,10.86.16.115,10039,74.0,0.11,28378.0,True,6.2,37000.0,,653,,,False,Male,1961-07-23,62.4,86000.0,False,False,False,False,False
app_459,Scott Hall,scott.hall36@protonmail.com,322-10-9593,172.21.73.194,10004,99.0,0.22,47221.0,True,4.5,52000.0,,237,,,False,Male,1962-05-25,61.6,114000.0,False,False,False,False,False
app_265,Samuel Harris,samuel.harris82@mail.com,684-68-7381,10.168.180.97,10044,67.0,0.14,12651.0,False,,,algorithm_risk_score,491,,,False,Male,1964-01-10,60.0,57000.0,False,False,False,False,False
app_243,Kimberly Taylor,kimberly.taylor23@yahoo.com,154-17-2958,10.147.50.59,90293,34.0,0.15,36980.0,False,,,algorithm_risk_score,89,medical,,False,Female,1981-12-25,42.0,113000.0,False,False,False,False,False
app_399,Dorothy Johnson,dorothy.johnson63@protonmail.com,846-62-4839,172.28.231.164,10083,116.0,0.31,34612.0,True,4.5,50000.0,,630,,,False,Female,1983-09-17,40.3,112000.0,False,False,False,False,False
app_326,Jack Wilson,jack.wilson33@outlook.com,614-96-3065,172.23.51.88,10075,2.0,0.4,12444.0,True,3.7,47000.0,,2275,,,False,Male,1985-06-28,38.5,42000.0,False,False,False,False,False
app_047,Katherine Lopez,katherine.lopez10@mail.com,241-14-6672,192.168.202.60,90280,0.0,0.16,39861.0,True,5.6,32000.0,,147,,,False,Female,1987-08-11,36.4,101000.0,False,False,False,False,False
app_155,Anthony Sanchez,anthony.sanchez56@protonmail.com,842-52-1461,10.29.9.21,90206,102.0,0.05,44295.0,True,4.2,61000.0,,551,,2024-01-15T00:00:00Z,False,Male,1977-05-03,46.7,100000.0,False,False,False,False,False
app_467,Katherine Scott,katherine.scott80@yahoo.com,570-62-1571,172.18.240.4,90204,120.0,0.18,35398.0,True,5.1,78000.0,,1477,,,False,Female,1960-08-20,63.4,75000.0,False,False,False,False,False
app_268,Larry Williams,,,,10005,102.0,0.07,54823.0,True,3.4,41000.0,,1018,,,True,,1971-05-14,52.6,112000.0,False,False,False,False,False
app_377,Anna White,,617-17-3415,192.168.111.167,90237,9.0,0.19,48943.0,True,4.5,40000.0,,566,,,True,Female,1990-09-26,33.3,116000.0,False,False,False,False,False
app_331,Eric Garcia,eric.garcia25@aol.com,402-58-5593,10.249.192.226,10083,64.0,0.29,27261.0,False,,,algorithm_risk_score,531,,,False,Male,1974-04-06,49.7,88000.0,False,False,False,False,False
app_231,Jerry Nguyen,jerry.nguyen45@yahoo.com,821-93-7079,172.28.235.138,10074,40.0,0.33,31025.0,True,6.0,62000.0,,572,moving,,False,Male,1994-12-28,29.0,78000.0,False,False,False,False,False
app_206,Eric Lopez,eric.lopez71@hotmail.com,777-10-2991,172.31.144.149,10003,44.0,0.19,15112.0,False,,,algorithm_risk_score,523,wedding,,False,Male,1963-01-29,60.9,72000.0,False,False,False,False,False
app_499,Deborah Lee,deborah.lee74@mail.com,843-60-2218,10.1.111.83,90218,3.0,0.19,78838.0,True,4.1,62000.0,,810,,,False,Female,1983-12-02,40.1,111000.0,False,False,False,False,False
app_284,Jennifer Wilson,jennifer.wilson74@aol.com,706-77-6780,10.66.16.52,90276,14.0,0.08,17759.0,True,2.7,52000.0,,174,,,False,Female,1996-03-13,27.8,56000.0,False,False,False,False,False
app_358,Robert White,robert.white40@yahoo.com,828-21-4537,10.199.204.216,10060,47.0,0.35,6989.0,True,3.5,80000.0,,380,,,False,Male,1991-02-04,32.9,70000.0,False,False,False,False,False
app_175,Raymond Williams,raymond.williams54@yahoo.com,178-62-8743,192.168.49.174,10012,47.0,0.31,19411.0,True,3.8,51000.0,,920,,2024-01-15T00:00:00Z,False,Male,1992-09-04,31.3,46000.0,False,False,False,False,False
app_389,Kevin Allen,kevin.allen67@icloud.com,769-78-5087,192.168.162.66,10001,12.0,0.33,17638.0,True,4.6,70000.0,,337,,,False,Male,2001-04-30,22.7,51000.0,False,False,False,False,False
app_302,James Martin,james.martin52@gmail.com,594-58-9666,10.42.101.217,10016,53.0,0.29,27973.0,True,3.0,21000.0,,1419,,,False,Male,2000-03-23,23.8,60000.0,False,False,False,False,False
app_443,Scott Gonzalez,scott.gonzalez70@hotmail.com,440-21-5768,172.31.192.181,10040,67.0,0.43,27879.0,True,5.5,31000.0,,1222,,,False,Male,1975-11-23,48.1,101000.0,False,False,False,False,False
app_217,Paul Hernandez,paul.hernandez12@yahoo.com,320-37-6522,172.21.89.24,10079,56.0,0.23,47092.0,False,,,algorithm_risk_score,780,auto,,False,Male,1986-12-22,37.0,91000.0,False,False,False,False,False
app_380,Debra Anderson,debra.anderson61@outlook.com,309-91-9124,10.200.165.163,90294,48.0,0.08,26763.0,True,5.7,19000.0,,968,,,False,Female,1969-07-01,54.5,86000.0,False,False,False,False,False
app_425,Gary Carter,gary.carter31@aol.com,102-67-7969,172.16.43.205,10095,37.0,0.31,48632.0,True,5.7,59000.0,,148,,,False,Male,1986-04-15,37.7,144000.0,False,False,False,False,False
app_450,Betty Walker,betty.walker73@mail.com,664-30-6164,10.36.80.238,90227,67.0,0.29,27374.0,False,,,algorithm_risk_score,742,,,False,Female,1988-03-18,35.8,89000.0,False,False,False,False,False
app_181,Rachel Carter,rachel.carter45@yahoo.com,750-28-6195,10.245.209.184,90284,79.0,0.44,36769.0,True,5.0,54000.0,,67,,2024-01-15T00:00:00Z,False,Female,1996-04-13,27.7,89000.0,False,False,False,False,False
app_082,Pamela Harris,pamela.harris94@yahoo.com,980-68-5455,192.168.26.10,10096,62.0,0.22,13436.0,True,3.2,27000.0,,927,,,False,Female,1997-09-29,26.3,52000.0,False,False,False,False,False
app_308,Gregory Hernandez,gregory.hernandez16@yahoo.com,173-77-8335,192.168.209.8,10004,37.0,0.33,44154.0,True,5.2,76000.0,,1556,,,False,Male,1986-04-27,37.7,100000.0,False,False,False,False,False
app_402,Heather Flores,heather.flores23@mail.com,100-58-8097,172.21.176.42,90214,27.0,1.85,37281.0,True,3.2,17000.0,,482,,,False,Female,1965-03-07,58.8,88000.0,False,False,True,False,False
app_333,Brenda Rivera,brenda.rivera75@mail.com,531-44-6342,172.20.119.239,90254,48.0,0.19,20643.0,True,5.3,73000.0,,83,,,False,Female,1982-02-01,41.9,85000.0,False,False,False,False,False
app_116,Emily Harris,emily.harris96@hotmail.com,671-84-8245,172.29.175.6,90224,38.0,0.09,41035.0,False,,,algorithm_risk_score,740,,,False,Female,1993-08-14,30.4,102000.0,False,False,False,False,False
app_417,Patrick Green,patrick.green57@aol.com,852-28-8582,172.26.226.117,10072,44.0,0.22,25271.0,True,4.7,48000.0,,1504,,,False,Male,1980-04-10,43.7,63000.0,False,False,False,False,False
app_316,Paul Brown,paul.brown98@aol.com,413-70-1353,172.17.253.4,10003,16.0,0.3,25959.0,False,,,insufficient_credit_history,1416,,,False,Male,1989-02-07,34.9,74000.0,False,False,False,False,False
app_385,Sharon Thomas,sharon.thomas34@mail.com,229-81-3457,172.31.31.1,90210,44.0,0.39,27401.0,True,5.0,76000.0,,279,,,False,Female,1979-12-24,44.0,86000.0,False,False,False,False,False
app_318,Emma Thompson,emma.thompson42@gmail.com,839-40-5735,172.24.220.183,10011,40.0,0.08,21717.0,False,,,algorithm_risk_score,868,,,False,Female,1987-04-26,36.7,68000.0,False,False,False,False,False
app_485,Margaret Taylor,margaret.taylor92@protonmail.com,741-12-7717,10.216.187.15,90256,74.0,0.37,57352.0,True,3.7,72000.0,,929,,,False,Female,1988-10-24,35.2,108000.0,False,False,False,False,False
app_235,Donald Hill,donald.hill14@gmail.com,739-31-6047,192.168.244.146,10012,16.0,0.28,12134.0,True,5.4,39000.0,,886,medical,,False,Male,1997-08-31,26.3,22000.0,False,False,False,False,False
app_375,Karen Brown,karen.brown39@aol.com,579-21-2895,192.168.221.138,90279,64.0,0.37,50611.0,True,5.9,17000.0,,418,,,False,Female,1984-05-08,39.6,120000.0,False,False,False,False,False
app_455,Anthony Wilson,anthony.wilson95@gmail.com,564-81-2410,192.168.136.24,10020,64.0,0.12,29125.0,True,5.1,59000.0,,1371,,,False,Male,1981-02-13,42.9,92000.0,False,False,False,False,False
app_207,Betty White,betty.white53@gmail.com,633-70-2315,10.102.66.189,90201,17.0,0.32,29372.0,False,,,algorithm_risk_score,2382,vacation,,False,Female,2000-06-20,23.5,62000.0,False,False,False,False,False
app_006,Scott Wright,scott.wright39@outlook.com,158-53-3545,172.26.92.152,10048,24.0,0.21,0.0,True,6.2,27000.0,,691,,,False,Male,1987-07-12,36.5,82000.0,False,False,False,False,False
app_339,Patricia Lopez,patricia.lopez90@icloud.com,187-21-4050,192.168.183.52,10081,25.0,0.23,36367.0,True,4.8,15000.0,,732,,,False,Female,1984-12-27,39.0,107000.0,False,False,False,False,False
app_183,Patrick Lewis,patrick.lewis88@outlook.com,956-25-2870,192.168.39.77,10003,12.0,0.17,1661.0,True,4.9,16000.0,,838,,2024-01-15T00:00:00Z,False,Male,1998-09-20,25.3,36000.0,False,False,False,False,False
app_096,Nicholas Roberts,nicholas.roberts5@protonmail.com,789-45-9885,10.185.208.12,10014,8.0,0.3,41724.0,False,,,algorithm_risk_score,298,,,False,Male,1995-05-16,28.6,84000.0,False,False,False,False,False
app_237,Nicholas Miller,nicholas.miller59@mail.com,266-19-6931,172.25.56.120,10033,30.0,0.33,20775.0,False,,,algorithm_risk_score,1112,business,,False,Male,1995-05-14,28.6,61000.0,False,False,False,False,False
app_298,Eric Perez,eric.perez81@hotmail.com,610-35-3744,172.16.112.87,10089,129.0,0.4,44612.0,True,3.5,57000.0,,1123,,,False,Male,1962-04-27,61.7,94000.0,False,False,False,False,False
app_026,Pamela Perez,pamela.perez96@outlook.com,512-39-4116,10.68.90.51,90229,69.0,0.31,34051.0,True,3.2,20000.0,,1114,,,False,Female,1981-06-14,42.5,72000.0,False,False,False,False,False
app_383,Richard Carter,richard.carter61@protonmail.com,893-66-4336,10.214.83.104,10058,0.0,0.38,23113.0,True,4.9,43000.0,,452,,,False,Male,1992-09-01,31.3,62000.0,False,False,False,False,False
app_131,Janet Johnson,janet.johnson91@gmail.com,605-97-2230,10.245.40.15,90286,127.0,0.09,14930.0,True,5.8,32000.0,,1111,,,False,Female,1960-01-02,64.0,85000.0,False,False,False,False,False
app_440,Frank Young,frank.young21@mail.com,979-12-4442,172.20.230.209,10009,80.0,0.28,25925.0,True,5.3,73000.0,,562,,,False,Male,1990-01-01,34.0,74000.0,False,False,False,False,False
app_138,Kevin Lopez,kevin.lopez85@protonmail.com,672-64-7149,192.168.36.21,10036,56.0,0.24,26880.0,False,,,algorithm_risk_score,1524,,,False,Male,1963-08-01,60.4,64000.0,False,False,False,False,False
app_002,Kevin Roberts,kevin.roberts9@protonmail.com,992-61-4010,172.19.95.144,10020,5.0,0.36,18200.0,False,,,algorithm_risk_score,533,,,False,Male,1999-08-01,24.4,41000.0,False,False,False,False,False
app_185,George Clark,george.clark73@aol.com,804-59-4925,10.178.229.242,10039,65.0,0.34,38690.0,True,5.6,24000.0,,1348,,2024-01-15T00:00:00Z,False,Male,1984-05-10,39.6,60000.0,False,False,False,False,False
app_267,Donald Adams,donald.adams15@mail.com,177-32-2203,10.37.119.151,10056,65.0,0.19,40258.0,True,6.0,63000.0,,1250,,,False,Male,1976-01-24,47.9,82000.0,False,False,False,False,False
app_112,Cynthia Rodriguez,cynthia.rodriguez5@icloud.com,323-67-4611,10.134.193.125,90207,42.0,0.39,1863.0,True,3.2,57000.0,,1405,,,False,Female,1999-08-26,24.4,56000.0,False,False,False,False,False
app_030,Christopher Allen,christopher.allen95@hotmail.com,605-74-9223,172.20.144.30,10063,30.0,0.37,28898.0,False,,,insufficient_credit_history,874,,,False,Male,1989-03-12,34.8,72000.0,False,False,False,False,False
app_018,Patrick Martinez,patrick.martinez51@hotmail.com,935-32-9047,192.168.65.254,10096,18.0,0.2,11567.0,False,,,algorithm_risk_score,890,,,False,Male,1991-12-23,32.0,64000.0,False,False,False,False,False
app_239,Pamela Jackson,pamela.jackson33@gmail.com,501-16-9057,10.66.71.252,90260,118.0,0.25,10333.0,False,,,algorithm_risk_score,159,moving,,False,Female,1970-12-13,53.1,58000.0,False,False,False,False,False
app_053,Richard Sanchez,richard.sanchez9@hotmail.com,309-94-6280,192.168.186.248,10041,48.0,0.17,52330.0,True,5.8,74000.0,,538,,,False,Male,1986-11-29,37.1,101000.0,False,False,False,False,False
app_341,Cynthia Anderson,cynthia.anderson96@gmail.com,871-61-4185,172.22.214.211,10035,50.0,0.21,15639.0,False,,,algorithm_risk_score,363,,,False,Female,1991-05-13,32.6,63000.0,False,False,False,False,False
app_142,Eric Lee,eric.lee8@outlook.com,813-95-8373,172.19.216.226,10050,66.0,0.34,15207.0,True,3.0,17000.0,,146,,2024-01-15T00:00:00Z,False,Male,2001-10-24,22.2,72000.0,False,False,False,False,False
app_035,Ashley Ramirez,ashley.ramirez39@yahoo.com,300-69-5628,192.168.199.159,90233,37.0,0.07,35656.0,True,5.3,40000.0,,1556,,,False,Female,1975-03-01,48.8,81000.0,False,False,False,False,False
app_406,Thomas Jones,thomas.jones1@hotmail.com,496-11-4971,10.149.126.1,10099,56.0,0.08,52422.0,True,5.4,18000.0,,274,,,False,Male,1974-08-23,49.4,106000.0,False,False,False,False,False
app_327,Karen Martinez,karen.martinez76@mail.com,338-35-5699,192.168.161.166,90261,72.0,0.2,14626.0,False,,,algorithm_risk_score,1354,,,False,Female,1999-10-24,24.2,40000.0,False,False,False,False,False
app_066,Debra Young,debra.young83@icloud.com,816-55-7955,172.16.242.146,90214,20.0,0.36,11680.0,False,,,algorithm_risk_score,531,,,False,Female,1999-09-10,24.3,28000.0,False,False,False,False,False
app_414,Brandon Williams,brandon.williams88@aol.com,732-68-4558,172.19.127.70,10012,29.0,0.4,36303.0,True,5.2,57000.0,,794,,,False,Male,1987-09-16,36.3,76000.0,False,False,False,False,False
app_374,Nancy Sanchez,nancy.sanchez75@gmail.com,637-82-2711,10.207.207.221,90294,41.0,0.17,13259.0,False,,,algorithm_risk_score,1137,,,False,Female,1969-12-26,54.0,81000.0,False,False,False,False,False
app_198,Robert Lee,robert.lee68@yahoo.com,306-62-4668,192.168.48.82,10057,0.0,0.12,21939.0,False,,,algorithm_risk_score,366,,2024-01-15T00:00:00Z,False,Male,1996-07-26,27.4,49000.0,False,False,False,False,False
app_182,Steven Roberts,steven.roberts81@outlook.com,766-23-5646,10.143.138.207,10096,53.0,0.39,39743.0,True,2.9,40000.0,,633,,2024-01-15T00:00:00Z,False,Male,1982-11-17,41.1,102000.0,False,False,False,False,False
app_315,Matthew Campbell,matthew.campbell38@hotmail.com,384-63-3991,172.30.8.110,10027,47.0,0.23,30944.0,False,,,algorithm_risk_score,760,,,False,Male,1977-07-31,46.4,81000.0,False,False,False,False,False
app_161,James Hernandez,james.hernandez26@gmail.com,279-33-8125,192.168.114.31,10067,16.0,0.07,21612.0,False,,,algorithm_risk_score,155,,2024-01-15T00:00:00Z,False,Male,2001-04-06,22.7,40000.0,False,False,False,False,False
app_328,Raymond Nguyen,raymond.nguyen73@mail.com,759-78-1197,172.18.33.215,10076,28.0,0.12,35502.0,True,3.7,66000.0,,733,,,False,Male,1982-06-07,41.6,93000.0,False,False,False,False,False
app_415,Patrick Martin,patrick.martin81@hotmail.com,122-39-5106,172.20.236.220,10002,32.0,0.06,37428.0,False,,,algorithm_risk_score,1568,,,False,Male,1994-01-12,30.0,105000.0,False,False,False,False,False
app_199,Donald Garcia,donald.garcia71@hotmail.com,264-53-5742,192.168.142.118,30008,43.0,0.41,8346.0,False,,,algorithm_risk_score,709,,2024-01-15T00:00:00Z,False,Male,1994-07-07,29.5,68000.0,False,False,False,False,False
app_293,Lisa Garcia,lisa.garcia37@gmail.com,200-24-4510,172.27.233.233,90246,95.0,0.08,16304.0,True,3.4,46000.0,,976,,,False,Female,1978-07-28,45.4,102000.0,False,False,False,False,False
app_227,Nicole Walker,nicole.walker5@outlook.com,401-38-9057,172.17.226.214,90257,26.0,0.22,26111.0,False,,,algorithm_risk_score,380,debt_consolidation,,False,Female,2002-02-10,21.9,44000.0,False,False,False,False,False
app_021,Maria Rodriguez,maria.rodriguez24@protonmail.com,661-89-6961,192.168.224.244,90234,96.0,0.11,29386.0,True,4.7,40000.0,,513,,,False,Female,1982-08-12,41.4,100000.0,False,False,False,False,False
app_233,Dorothy Nelson,dorothy.nelson99@mail.com,501-89-7625,172.30.238.65,90232,64.0,0.19,21220.0,True,4.4,42000.0,,363,wedding,,False,Female,1991-04-23,32.7,70000.0,False,False,False,False,False
app_098,Justin Young,justin.young47@hotmail.com,935-12-2949,172.26.124.154,10006,92.0,0.38,34427.0,False,,,algorithm_risk_score,1506,,,False,Male,1965-01-17,59.0,92000.0,False,False,False,False,False
app_482,Joseph Sanchez,joseph.sanchez55@mail.com,706-13-4523,192.168.39.181,10008,61.0,0.33,23017.0,False,,,high_dti_ratio,970,,,False,Male,1975-12-08,48.1,98000.0,False,False,False,False,False
app_146,Amy Flores,sarah.smith@,577-59-1479,10.4.113.112,90262,102.0,0.2,24961.0,True,2.7,61000.0,,760,,2024-01-15T00:00:00Z,False,Female,1970-04-26,53.7,79000.0,False,False,False,False,False
app_140,Joseph Taylor,joseph.taylor79@mail.com,876-10-8698,172.20.105.89,10047,76.0,0.15,16933.0,False,,,algorithm_risk_score,802,,,False,Male,1973-06-27,50.5,45000.0,False,False,False,False,False
app_431,Anna Martin,anna.martin93@mail.com,597-24-6392,10.150.224.185,90203,129.0,0.4,24830.0,False,,,algorithm_risk_score,1290,,,False,Female,1960-02-08,63.9,68000.0,False,False,False,False,False
app_287,Janet Johnson,janet.johnson88@aol.com,205-59-5076,10.46.31.230,90285,82.0,0.35,31931.0,True,6.1,43000.0,,902,,,False,Female,1980-09-19,43.3,105000.0,False,False,False,False,False
app_244,David Nguyen,david.nguyen10@gmail.com,821-96-5629,172.23.242.225,10074,56.0,0.08,17047.0,True,3.2,26000.0,,500,education,,False,Male,1996-03-17,27.8,79000.0,False,False,False,False,False
app_113,Melissa Nelson,melissa.nelson5@mail.com,599-53-4517,10.163.154.138,90272,45.0,0.22,11728.0,False,,,algorithm_risk_score,1082,,,False,Female,1997-04-18,26.7,40000.0,False,False,False,False,False
app_136,Edward Taylor,edward.taylor43@outlook.com,934-73-3533,192.168.88.82,10026,43.0,0.36,9624.0,True,5.8,72000.0,,1990,,,False,Male,1993-12-13,30.1,29000.0,False,False,False,False,False
app_152,Alexander Rodriguez,alexander.rodriguez71@outlook.com,938-80-5542,10.167.213.23,10012,26.0,0.16,21942.0,True,4.7,19000.0,,893,,2024-01-15T00:00:00Z,False,Male,2001-07-27,22.4,46000.0,False,False,False,False,False
app_022,James Allen,james.allen60@protonmail.com,429-40-8330,192.168.34.174,10081,94.0,0.09,43381.0,True,2.9,35000.0,,237,,,False,Male,1972-05-15,51.6,99000.0,False,False,False,False,False
app_048,Andrew Jones,andrew.jones20@hotmail.com,488-99-5520,172.18.247.172,10064,36.0,0.2,30597.0,True,5.6,47000.0,,584,,,False,Male,1983-08-26,40.4,107000.0,False,False,False,False,False
app_329,Betty Martinez,betty.martinez42@mail.com,794-64-7602,172.16.109.93,90247,85.0,0.42,20278.0,False,,,algorithm_risk_score,546,,,False,Female,1966-10-06,57.2,55000.0,False,False,False,False,False
app_461,Shirley Robinson,shirley.robinson11@yahoo.com,934-39-1807,192.168.85.100,90280,38.0,0.28,13390.0,False,,,algorithm_risk_score,836,,,False,Female,1997-06-20,26.5,46000.0,False,False,False,False,False
app_045,Jennifer Thomas,jennifer.thomas38@protonmail.com,848-81-7036,172.16.244.182,90237,82.0,0.21,25982.0,False,,,algorithm_risk_score,390,,,False,Female,1964-12-22,59.0,76000.0,False,False,False,False,False
app_405,Stephanie Hill,stephanie.hill77@gmail.com,694-77-8788,172.26.24.219,90202,13.0,0.38,964.0,False,,,high_dti_ratio,1769,,,False,Female,1989-09-05,34.3,48000.0,False,False,False,False,False
app_001,Stephanie Nguyen,stephanie.nguyen47@mail.com,427-90-1892,10.121.120.213,90230,37.0,0.42,0.0,False,,,high_dti_ratio,576,,,False,Female,1986-05-27,37.6,102000.0,False,False,False,False,False
app_089,Janet Wright,janet.wright48@gmail.com,988-25-1177,10.12.86.45,90251,98.0,0.22,23117.0,True,5.5,53000.0,,1200,,,False,Female,1979-10-02,44.2,93000.0,False,False,False,False,False
app_197,Amanda Brown,amanda.brown31@icloud.com,885-43-6142,192.168.85.229,90284,83.0,0.21,37307.0,False,,,algorithm_risk_score,504,,2024-01-15T00:00:00Z,False,Female,1970-04-15,53.7,80000.0,False,False,False,False,False
app_368,Robert Hall,robert.hall89@mail.com,262-36-4877,10.81.51.193,10045,0.0,0.22,5045.0,False,,,algorithm_risk_score,521,,,False,Male,1996-08-27,27.3,29000.0,False,False,False,False,False
app_378,Jeffrey Baker,jeffrey.baker68@aol.com,868-86-8190,10.161.120.154,10034,48.0,0.18,63712.0,True,4.3,56000.0,,523,,,False,Male,1968-04-04,55.7,131000.0,False,False,False,False,False
app_325,Lisa Nguyen,lisa.nguyen45@protonmail.com,217-40-8640,192.168.54.67,10043,63.0,0.39,27810.0,False,,,algorithm_risk_score,191,,,False,Female,1981-11-01,42.2,79000.0,False,False,False,False,False
app_041,Linda Rodriguez,linda.rodriguez19@hotmail.com,456-57-5365,172.28.24.244,90205,76.0,0.06,85166.0,True,3.4,45000.0,,591,,,False,Female,1972-10-10,51.2,126000.0,False,False,False,False,False
app_009,Heather Smith,heather.smith97@gmail.com,476-51-2722,192.168.237.76,90261,15.0,0.08,39921.0,True,5.9,27000.0,,718,,,False,Female,1989-11-20,34.1,92000.0,False,False,False,False,False
app_470,Kenneth Wright,kenneth.wright74@hotmail.com,588-85-4126,172.17.153.140,10062,40.0,0.43,32402.0,True,3.4,35000.0,,1037,,,False,Male,1984-04-01,39.8,66000.0,False,False,False,False,False
app_095,Jack Sanchez,jack.sanchez68@aol.com,130-62-7748,192.168.112.200,10049,58.0,0.39,53274.0,True,5.0,51000.0,,804,,,False,Male,1986-05-12,37.6,116000.0,False,False,False,False,False
app_055,Scott Lopez,scott.lopez69@gmail.com,495-48-2129,172.28.222.9,10009,51.0,0.16,52179.0,True,4.3,51000.0,,1293,,,False,Male,1978-11-11,45.1,104000.0,False,False,False,False,False
app_428,Jerry Wilson,jerry.wilson60@icloud.com,112-19-6168,192.168.155.6,10053,78.0,0.19,29305.0,True,4.0,74000.0,,68,,,False,Male,1963-08-02,60.4,103000.0,False,False,False,False,False
app_366,Catherine Campbell,catherine.campbell57@hotmail.com,352-74-1939,192.168.20.35,90211,47.0,0.34,19272.0,False,,,algorithm_risk_score,641,,,False,Female,1990-11-30,33.1,45000.0,False,False,False,False,False
app_187,Andrew Lewis,andrew.lewis53@aol.com,875-49-5940,192.168.117.114,10085,52.0,0.3,31102.0,False,,,algorithm_risk_score,428,,2024-01-15T00:00:00Z,False,Male,1990-06-27,33.5,67000.0,False,False,False,False,False
app_188,Elizabeth Jackson,elizabeth.jackson75@gmail.com,884-36-9087,172.22.91.113,90263,64.0,0.17,45696.0,True,2.7,27000.0,,718,,2024-01-15T00:00:00Z,False,Female,1987-04-03,36.7,98000.0,False,False,False,False,False
app_129,Jessica Jackson,jessica.jackson10@mail.com,734-50-1889,10.220.105.242,10059,54.0,0.17,30185.0,True,2.8,30000.0,,334,,,False,Female,1985-05-18,38.6,108000.0,False,False,False,False,False
app_091,Gregory Martin,gregory.martin98@protonmail.com,647-30-3311,10.64.161.126,90218,36.0,0.12,33444.0,True,4.9,45000.0,,542,,,False,Male,1988-11-04,35.2,95000.0,False,False,False,False,False
app_319,Barbara Green,barbara.green70@aol.com,439-47-7955,172.22.198.197,90211,33.0,0.26,12428.0,False,,,insufficient_credit_history,568,,,False,Female,1995-08-01,28.4,55000.0,False,False,False,False,False
app_488,Rachel Moore,rachel.moore12@yahoo.com,366-85-5787,172.28.143.21,90201,0.0,0.2,7021.0,False,,,algorithm_risk_score,1484,,,False,Female,1999-12-14,24.0,33000.0,False,False,False,False,False
app_295,George Lopez,george.lopez85@protonmail.com,312-66-6584,172.22.114.118,10070,56.0,0.3,47469.0,True,6.5,18000.0,,1380,,,False,Male,1988-02-20,35.9,98000.0,False,False,False,False,False
app_256,William Wright,william.wright77@icloud.com,617-29-5383,192.168.243.142,10051,18.0,0.23,13079.0,True,3.7,69000.0,,257,,,False,Male,1995-05-03,28.7,55000.0,False,False,False,False,False
app_221,Amy Robinson,amy.robinson52@aol.com,607-39-7447,192.168.84.247,90247,34.0,0.45,17248.0,False,,,insufficient_credit_history,158,medical,,False,Female,2000-04-21,23.7,59000.0,False,False,False,False,False
app_139,George Garcia,george.garcia25@yahoo.com,864-96-8449,10.184.140.226,10006,76.0,0.06,25968.0,False,,,algorithm_risk_score,617,,,False,Male,1972-12-13,51.0,88000.0,False,False,False,False,False
app_038,Patrick Nguyen,patrick.nguyen53@gmail.com,596-76-2147,192.168.233.224,10012,27.0,0.14,19147.0,True,5.5,35000.0,,201,,,False,Male,1979-04-06,44.7,125000.0,False,False,False,False,False
app_495,Cynthia Baker,cynthia.baker91@gmail.com,197-64-9441,172.22.234.154,10069,80.0,0.34,24928.0,True,4.8,68000.0,,441,,,False,Female,1963-05-16,60.6,71000.0,False,False,False,False,False
app_480,Gregory Davis,gregory.davis23@icloud.com,854-74-6180,192.168.243.203,10001,70.0,0.19,25163.0,True,3.9,68000.0,,171,,,False,Male,1969-11-01,54.2,104000.0,False,False,False,False,False
app_202,Mark Taylor,mark.taylor69@mail.com,948-21-4380,192.168.237.127,10097,29.0,0.11,14258.0,True,5.8,64000.0,,848,auto,,False,Male,1996-02-24,27.9,62000.0,False,False,False,False,False
app_209,Charles Jackson,charles.jackson70@gmail.com,725-13-6067,10.88.153.43,10010,51.0,0.15,51382.0,True,5.2,59000.0,,1406,moving,,False,Male,1988-03-16,35.8,106000.0,False,False,False,False,False
app_426,Dorothy Perez,dorothy.perez96@outlook.com,402-41-6717,10.3.22.225,90255,105.0,0.09,49213.0,True,2.8,20000.0,,369,,,False,Female,1970-03-11,53.8,78000.0,False,False,False,False,False
app_203,Joseph Allen,joseph.allen79@gmail.com,234-34-4011,172.22.253.28,10093,47.0,0.44,21458.0,True,3.0,51000.0,,645,moving,,False,Male,1993-10-29,30.2,58000.0,False,False,False,False,False
app_147,John Harris,john.harris87@hotmail.com,194-73-2525,10.177.132.73,10092,67.0,0.43,41974.0,True,4.9,65000.0,,1779,,2024-01-15T00:00:00Z,False,Male,1978-08-16,45.4,79000.0,False,False,False,False,False
app_069,Stephanie Allen,stephanie.allen32@mail.com,916-13-8007,192.168.98.191,90237,93.0,0.25,11645.0,False,,,algorithm_risk_score,540,,,False,Female,1961-04-14,62.7,98000.0,False,False,False,False,False
app_395,Sandra Roberts,sandra.roberts28@yahoo.com,697-34-2116,192.168.183.213,90226,3.0,0.08,72478.0,True,4.2,46000.0,,818,,,False,Female,1985-09-26,38.3,151000.0,False,False,False,False,False
app_123,Helen Martinez,helen.martinez39@gmail.com,933-63-8809,10.153.125.202,90272,82.0,0.23,39088.0,False,,,algorithm_risk_score,779,,,False,Female,1971-03-31,52.8,87000.0,False,False,False,False,False
app_087,Catherine Campbell,catherine.campbell75@yahoo.com,499-29-5726,10.200.71.18,90247,53.0,0.1,48204.0,True,3.2,35000.0,,780,,,False,Female,1987-01-16,37.0,94000.0,False,False,False,False,False
app_487,Alexander Robinson,alexander.robinson55@yahoo.com,430-74-1011,172.16.177.5,10057,16.0,0.24,22759.0,False,,,algorithm_risk_score,738,,,False,Male,1986-10-29,37.2,60000.0,False,False,False,False,False
app_046,Sandra Nelson,sandra.nelson20@mail.com,878-19-2678,192.168.226.197,90231,44.0,0.29,34688.0,False,,,algorithm_risk_score,1120,,,False,Female,1977-05-13,46.6,122000.0,False,False,False,False,False
app_058,James King,james.king83@icloud.com,449-13-7773,192.168.193.101,10067,114.0,0.35,50490.0,True,2.8,61000.0,,504,,,False,Male,1970-03-16,53.8,83000.0,False,False,False,False,False
app_359,Stephanie King,stephanie.king52@hotmail.com,887-89-1075,172.21.62.38,90233,43.0,0.18,13540.0,False,,,algorithm_risk_score,906,,,False,Female,1997-03-09,26.8,65000.0,False,False,False,False,False
app_344,Edward Campbell,edward.campbell91@outlook.com,103-37-9074,192.168.44.92,30029,39.0,0.1,3885.0,False,,,low_income,751,,,False,Male,2002-01-18,22.0,27000.0,False,False,False,False,False
app_124,Samuel Wright,samuel.wright1@icloud.com,419-22-4481,172.29.74.118,10025,54.0,0.18,11237.0,True,4.3,49000.0,,288,,,False,Male,1991-01-18,33.0,65000.0,False,False,False,False,False
app_277,Jessica Nguyen,jessica.nguyen37@icloud.com,420-57-4295,172.19.191.150,90206,108.0,0.14,22838.0,True,6.4,23000.0,,222,,,False,Female,1960-11-22,63.1,75000.0,False,False,False,False,False
app_044,James Brown,james.brown50@mail.com,181-41-8267,192.168.158.107,10021,50.0,0.07,19027.0,False,,,algorithm_risk_score,526,,,False,Male,1992-02-02,31.9,73000.0,False,False,False,False,False
app_190,Heather White,heather.white42@icloud.com,217-44-8191,192.168.242.9,90297,0.0,0.14,19603.0,False,,,algorithm_risk_score,1389,,2024-01-15T00:00:00Z,False,Female,1999-10-05,24.2,0.0,False,False,False,False,False
app_373,Sharon Ramirez,sharon.ramirez48@outlook.com,620-42-3577,192.168.182.177,90273,5.0,0.3,19050.0,True,5.1,37000.0,,1261,,,False,Female,1988-07-31,35.4,84000.0,False,False,False,False,False
app_355,Jack Mitchell,jack.mitchell87@protonmail.com,353-53-1904,172.30.107.103,90225,73.0,0.35,42888.0,True,4.6,24000.0,,777,,,False,Male,1974-07-24,49.4,100000.0,False,False,False,False,False
app_457,Rebecca Roberts,rebecca.roberts71@icloud.com,713-43-5812,10.38.185.33,90270,95.0,0.34,55610.0,True,6.2,34000.0,,1653,,,False,Female,1964-11-18,59.1,126000.0,False,False,False,False,False
app_074,Paul Flores,paul.flores81@hotmail.com,385-49-5779,192.168.22.86,10033,82.0,0.19,12904.0,False,,,low_income,711,,,False,Male,1999-03-28,24.8,39000.0,False,False,False,False,False
app_312,Donald Rodriguez,donald.rodriguez39@protonmail.com,125-28-8331,172.17.36.15,10079,0.0,0.39,12438.0,True,3.3,23000.0,,1216,,,False,Male,1995-03-11,28.8,80000.0,False,False,False,False,False
app_411,Thomas Gonzalez,thomas.gonzalez89@icloud.com,199-54-1475,172.21.242.114,10041,26.0,0.3,0.0,True,5.1,40000.0,,879,,,False,Male,1994-03-21,29.8,64000.0,False,False,False,False,False
app_390,Mary Nelson,mary.nelson83@yahoo.com,548-73-9755,10.72.130.125,90224,68.0,0.2,12310.0,True,5.3,63000.0,,630,,,False,Female,1978-07-11,45.5,68000.0,False,False,False,False,False
app_013,Heather Davis,heather.davis26@aol.com,941-17-4706,172.21.115.246,90218,18.0,0.45,28706.0,True,3.9,70000.0,,335,,,False,Female,1989-08-23,34.4,57000.0,False,False,False,False,False
app_401,Daniel Walker,daniel.walker89@gmail.com,751-65-2036,172.27.207.134,10038,29.0,0.39,21830.0,False,,,high_dti_ratio,355,,,False,Male,1972-03-06,51.8,103000.0,False,False,False,False,False
app_313,Laura Jones,laura.jones25@yahoo.com,473-60-3268,10.199.251.176,90298,15.0,0.08,39223.0,True,4.6,52000.0,,1704,,,False,Female,1991-03-14,32.8,112000.0,False,False,False,False,False
app_418,Rachel King,rachel.king69@icloud.com,107-92-5280,192.168.65.23,90272,82.0,0.05,70888.0,True,6.2,36000.0,,197,,,False,Female,1975-05-31,48.6,112000.0,False,False,False,False,False
app_141,Ronald Johnson,ronald.johnson14@gmail.com,806-19-9489,192.168.175.83,10002,39.0,0.37,72682.0,True,3.2,37000.0,,399,,2024-01-15T00:00:00Z,False,Male,1982-08-19,41.4,125000.0,False,False,False,False,False
app_105,Laura Green,laura.green44@mail.com,126-24-8122,10.54.152.20,90243,22.0,0.2,69276.0,True,3.6,75000.0,,1080,,,False,Female,1986-01-28,37.9,116000.0,False,False,False,False,False
app_159,Daniel Gonzalez,daniel.gonzalez84@aol.com,322-72-6023,192.168.123.26,10084,89.0,0.22,61596.0,True,6.1,58000.0,,1085,,2024-01-15T00:00:00Z,False,Male,1960-10-11,63.2,107000.0,False,False,False,False,False
app_051,Nicholas Thompson,nicholas.thompson68@icloud.com,700-28-7948,172.16.4.236,10060,77.0,0.2,9646.0,False,,,low_income,251,,2027-01-20T00:00:00Z,False,Male,1999-07-15,24.5,35000.0,False,False,False,False,False
app_229,Barbara Campbell,barbara.campbell80@yahoo.com,731-96-9697,172.23.22.89,90289,41.0,0.42,18019.0,True,4.1,38000.0,,1045,wedding,,False,Female,2000-07-31,23.4,39000.0,False,False,False,False,False
app_349,Gregory King,gregory.king61@outlook.com,955-57-2824,192.168.140.62,10087,44.0,0.34,8641.0,True,6.3,19000.0,,1030,,,False,Male,1989-02-23,34.9,78000.0,False,False,False,False,False
app_025,Rebecca Walker,rebecca.walker90@aol.com,501-69-2266,192.168.166.120,90284,63.0,0.25,33294.0,False,,,algorithm_risk_score,383,,,False,Female,1965-11-07,58.1,72000.0,False,False,False,False,False
app_456,David Jones,david.jones79@yahoo.com,968-66-9483,172.24.150.136,10070,24.0,0.34,38163.0,True,6.5,74000.0,,611,,,False,Male,1979-05-02,44.7,84000.0,False,False,False,False,False
app_111,Raymond Jones,raymond.jones74@icloud.com,191-64-5825,192.168.71.115,10063,55.0,0.26,9507.0,True,3.2,70000.0,,1091,,,False,Male,1999-09-05,24.3,42000.0,False,False,False,False,False
app_180,Justin Green,justin.green48@protonmail.com,228-49-1561,10.20.49.18,10002,52.0,0.43,30253.0,False,,,algorithm_risk_score,1221,,2024-01-15T00:00:00Z,False,Male,1969-10-14,54.2,111000.0,False,False,False,False,False
app_350,Linda Adams,,356-98-8263,10.207.183.196,90291,52.0,0.2,14377.0,True,4.1,67000.0,,1546,,,True,Female,,,89000.0,False,False,False,False,False
app_061,Jack Miller,jack.miller8@mail.com,127-48-3577,192.168.189.169,10073,54.0,0.27,27425.0,True,4.0,28000.0,,858,,,False,Male,1985-04-20,38.7,59000.0,False,False,False,False,False
app_370,Alexander Hernandez,alexander.hernandez88@yahoo.com,113-57-7065,10.196.26.102,10005,41.0,0.05,60601.0,True,5.9,48000.0,,1505,,,False,Male,1975-12-04,48.1,126000.0,False,False,False,False,False
app_121,Charles Rivera,charles.rivera57@aol.com,481-83-3837,10.184.42.195,10020,58.0,0.11,34768.0,True,3.3,66000.0,,1731,,,False,Male,1984-05-21,39.6,90000.0,False,False,False,False,False
app_257,Stephanie Allen,stephanie.allen86@aol.com,509-17-2576,10.114.115.229,90252,38.0,0.33,8646.0,True,4.4,58000.0,,556,,,False,Female,1985-09-08,38.3,68000.0,False,False,False,False,False
app_466,Paul Anderson,paul.anderson7@outlook.com,799-49-1206,172.31.5.174,10055,47.0,0.4,34196.0,True,4.3,57000.0,,640,,,False,Male,1993-11-17,30.1,80000.0,False,False,False,False,False
app_388,Amanda Johnson,amanda.johnson38@protonmail.com,152-84-2809,172.18.118.41,90296,8.0,0.22,15898.0,False,,,algorithm_risk_score,259,,,False,Female,1993-01-03,31.0,100000.0,False,False,False,False,False
app_494,Robert Mitchell,robert.mitchell50@protonmail.com,444-83-7991,172.18.234.214,10073,0.0,0.32,9358.0,False,,,insufficient_credit_history,1493,,,False,Male,1999-07-11,24.5,32000.0,False,False,False,False,False
app_210,Pamela Campbell,pamela.campbell91@outlook.com,719-88-4590,10.113.208.213,90261,18.0,0.42,41892.0,True,4.8,40000.0,,241,medical,,False,Female,1983-06-19,40.5,66000.0,False,False,False,False,False
app_168,Larry Thompson,larry.thompson20@yahoo.com,674-78-4391,192.168.148.88,10092,29.0,0.28,22361.0,True,6.1,65000.0,,1041,,2024-01-15T00:00:00Z,False,Male,1997-03-31,26.8,71000.0,False,False,False,False,False
app_097,Emma Roberts,emma.roberts50@gmail.com,817-88-9433,10.9.148.236,90262,33.0,0.26,22923.0,False,,,insufficient_credit_history,658,,,False,Female,1976-11-09,47.1,141000.0,False,False,False,False,False
app_432,Amy Nelson,amy.nelson43@icloud.com,109-72-8677,10.141.150.134,90273,8.0,0.18,24681.0,False,,,algorithm_risk_score,453,,,False,Female,2001-10-04,22.2,75000.0,False,False,False,False,False
app_023,Patrick Flores,patrick.flores43@mail.com,495-77-3208,172.24.122.194,10019,55.0,0.08,27397.0,False,,,algorithm_risk_score,1588,,,False,Male,1998-07-21,25.4,44000.0,False,False,False,False,False
app_165,Brandon Moore,,,,10077,6.0,0.16,36936.0,True,5.6,53000.0,,943,,2024-01-15T00:00:00Z,True,Male,,,66000.0,False,False,False,False,False
app_020,Margaret Lee,margaret.lee42@outlook.com,611-64-3809,172.19.238.9,30014,55.0,0.38,60268.0,True,5.2,23000.0,,98,,,False,Female,1977-12-24,46.0,133000.0,False,False,False,False,False
app_186,Kenneth Carter,kenneth.carter22@yahoo.com,555-26-1610,172.24.47.150,10086,41.0,0.42,39117.0,True,6.0,72000.0,,1743,,2024-01-15T00:00:00Z,False,Male,1986-09-08,37.3,115000.0,False,False,False,False,False
app_310,Jessica Campbell,jessica.campbell45@protonmail.com,559-35-6495,172.30.195.170,90284,27.0,0.37,18949.0,True,5.9,50000.0,,1181,,,False,Female,1990-03-06,33.8,63000.0,False,False,False,False,False
app_342,Samuel Garcia,samuel.garcia33@aol.com,178-98-4514,172.19.233.85,10070,17.0,0.06,622.0,True,3.3,74000.0,,206,,,False,Male,1983-06-28,40.5,45000.0,False,False,False,False,False
app_086,Ryan Rodriguez,ryan.rodriguez52@yahoo.com,193-76-6702,172.24.172.32,10030,15.0,0.17,50342.0,True,2.9,80000.0,,933,,,False,Male,1993-05-06,30.7,115000.0,False,False,False,False,False
app_286,Brian Johnson,brian.johnson29@gmail.com,302-29-8853,192.168.53.101,10048,0.0,0.22,17452.0,True,5.4,46000.0,,815,,,False,Male,1993-09-19,30.3,85000.0,False,False,False,False,False
app_132,Justin Rodriguez,justin.rodriguez96@mail.com,387-16-2383,192.168.209.11,10040,42.0,0.39,25146.0,True,5.6,32000.0,,666,,,False,Male,1975-11-26,48.1,82000.0,False,False,False,False,False
app_296,Mark Young,mark.young46@outlook.com,601-33-7524,10.10.178.72,10072,57.0,0.45,44538.0,True,3.6,76000.0,,157,,,False,Male,1987-07-11,36.5,103000.0,False,False,False,False,False
app_249,Joshua Garcia,joshua.garcia70@icloud.com,121-85-2187,10.40.52.159,30043,82.0,0.08,44322.0,True,4.7,73000.0,,873,home_improvement,,False,Male,1958-11-20,65.1,121000.0,False,False,False,False,False
app_063,Nicole Adams,nicole.adams28@gmail.com,252-62-4568,172.31.2.111,90243,45.0,0.1,14715.0,True,4.0,57000.0,,1237,,,False,Female,1997-04-03,26.7,55000.0,False,False,False,False,False
app_314,Elizabeth Sanchez,elizabeth.sanchez94@outlook.com,850-13-2311,192.168.165.218,90266,31.0,0.3,19081.0,False,,,algorithm_risk_score,1175,,,False,Female,1996-01-03,28.0,73000.0,False,False,False,False,False
app_062,Catherine Carter,catherine.carter77@icloud.com,614-69-8974,10.97.126.194,90275,109.0,0.39,34015.0,True,3.1,16000.0,,1360,,,False,Female,1979-03-13,44.8,64000.0,False,False,False,False,False
app_137,Amy Garcia,amy.garcia70@outlook.com,929-73-4834,192.168.157.6,90205,53.0,0.19,13306.0,False,,,algorithm_risk_score,717,,,False,Female,1990-04-18,33.7,81000.0,False,False,False,False,False
app_336,Brenda Carter,brenda.carter35@mail.com,103-64-7163,172.26.222.199,90293,39.0,0.09,27855.0,False,,,algorithm_risk_score,1243,,,False,Female,1988-02-26,35.8,116000.0,False,False,False,False,False
app_322,Amy Smith,amy.smith50@hotmail.com,208-85-9940,10.236.92.130,90246,0.0,0.42,12426.0,False,,,high_dti_ratio,897,,,False,Female,1992-02-24,31.9,84000.0,False,False,False,False,False
app_473,Karen Harris,karen.harris60@protonmail.com,795-85-4042,172.28.33.181,90244,0.0,0.21,13722.0,True,4.2,43000.0,,169,,,False,Female,1991-08-26,32.4,54000.0,False,False,False,False,False
app_122,Richard Thomas,richard.thomas4@hotmail.com,186-34-2952,192.168.201.220,10057,61.0,0.26,14834.0,True,5.5,69000.0,,2355,,,False,Male,1964-12-12,59.1,98000.0,False,False,False,False,False
app_222,Brenda Perez,brenda.perez96@aol.com,636-56-7305,192.168.133.49,90299,104.0,0.28,17483.0,False,,,algorithm_risk_score,613,personal,,False,Female,1965-11-07,58.1,102000.0,False,False,False,False,False
app_481,Nicole Nguyen,nicole.nguyen89@outlook.com,891-16-6831,172.18.35.225,90229,38.0,0.17,62154.0,True,3.3,56000.0,,725,,,False,Female,1985-07-27,38.4,142000.0,False,False,False,False,False
app_218,Mark Scott,mark.scott72@aol.com,653-15-8386,10.216.243.5,10083,80.0,0.43,22276.0,True,2.7,29000.0,,240,medical,,False,Male,1982-04-09,41.7,80000.0,False,False,False,False,False
app_476,Gregory Allen,gregory.allen43@yahoo.com,990-83-8035,192.168.239.250,10082,118.0,0.44,8148.0,True,3.9,77000.0,,1133,,,False,Male,1975-09-01,48.3,53000.0,False,False,False,False,False
app_191,Pamela Hill,pamela.hill70@outlook.com,757-87-6454,172.28.37.204,90281,78.0,0.16,20428.0,False,,,algorithm_risk_score,1228,,2024-01-15T00:00:00Z,False,Female,1959-09-06,64.3,98000.0,False,False,False,False,False
app_177,Thomas Smith,thomas.smith57@outlook.com,298-38-4813,172.20.125.153,10004,35.0,0.05,25705.0,True,5.9,67000.0,,392,,2024-01-15T00:00:00Z,False,Male,1990-01-25,33.9,54000.0,False,False,False,False,False
app_453,Kenneth Torres,kenneth.torres3@protonmail.com,330-78-9036,192.168.178.124,10030,0.0,0.22,12529.0,False,,,insufficient_credit_history,517,,,False,Male,2000-04-13,23.7,28000.0,False,False,False,False,False
app_269,William Hall,william.hall20@aol.com,106-34-1270,10.132.131.45,10009,44.0,0.32,88078.0,False,,,algorithm_risk_score,1711,,,False,Male,1984-12-08,39.1,152000.0,False,False,False,False,False
app_273,Justin Jackson,justin.jackson12@outlook.com,855-33-5461,192.168.235.7,10033,88.0,0.26,24454.0,True,4.4,44000.0,,767,,,False,Male,1995-02-22,28.9,82000.0,False,False,False,False,False
app_472,Dennis Lewis,dennis.lewis59@gmail.com,852-99-9160,172.27.4.156,10080,53.0,0.44,16798.0,False,,,algorithm_risk_score,930,,,False,Male,1977-04-09,46.7,81000.0,False,False,False,False,False
app_224,Mark Jackson,mark.jackson41@yahoo.com,263-68-2220,10.248.103.20,10052,81.0,0.12,53299.0,False,,,algorithm_risk_score,131,medical,,False,Male,1968-06-04,55.6,93000.0,False,False,False,False,False
app_012,Janet Lopez,janet.lopez72@aol.com,646-74-3314,172.19.203.79,90220,71.0,0.22,38284.0,False,,,algorithm_risk_score,975,,,False,Female,1972-09-26,51.3,96000.0,False,False,False,False,False
app_437,Ashley Lopez,ashley.lopez68@icloud.com,637-73-3119,192.168.220.15,10033,59.0,0.33,33144.0,True,5.6,69000.0,,825,,,False,Female,1992-02-01,31.9,107000.0,False,False,False,False,False
app_305,Mark Hernandez,mark.hernandez8@hotmail.com,460-68-4910,192.168.94.129,10084,30.0,0.07,44145.0,True,5.6,49000.0,,1248,,,False,Male,1984-04-09,39.7,100000.0,False,False,False,False,False
app_266,Betty Jones,betty.jones46@protonmail.com,155-87-5931,192.168.5.251,90202,16.0,0.13,20079.0,False,,,insufficient_credit_history,585,,,False,Female,1995-03-04,28.8,46000.0,False,False,False,False,False
app_324,Donna Smith,donna.smith10@aol.com,610-14-8613,192.168.170.94,90250,89.0,0.16,25814.0,False,,,algorithm_risk_score,453,,,False,Female,1982-05-30,41.6,96000.0,False,False,False,False,False
app_049,Donna Gonzalez,donna.gonzalez12@yahoo.com,845-50-3562,192.168.14.85,90278,92.0,0.36,31881.0,False,,,algorithm_risk_score,1423,,,False,Female,2000-05-22,23.6,59000.0,False,False,False,False,False
app_468,Patrick Martinez,patrick.martinez26@aol.com,996-86-6099,172.31.95.30,10046,35.0,0.35,8982.0,False,,,insufficient_credit_history,701,,,False,Male,1999-05-23,24.6,22000.0,False,False,False,False,False
app_192,Dennis Lopez,dennis.lopez78@yahoo.com,936-44-8002,172.29.183.18,10088,40.0,0.22,34292.0,True,6.0,18000.0,,650,,2024-01-15T00:00:00Z,False,Male,1985-11-15,38.1,78000.0,False,False,False,False,False
app_234,Samuel Hill,samuel.hill67@protonmail.com,937-72-8731,10.143.146.157,10090,60.0,0.3,38703.0,False,,,algorithm_risk_score,526,education,,False,Male,1976-01-29,47.9,96000.0,False,False,False,False,False
app_306,Anna White,anna.white6@gmail.com,757-27-8131,10.26.176.56,90227,80.0,0.29,63560.0,True,3.1,57000.0,,490,,,False,Female,1978-07-26,45.4,106000.0,False,False,False,False,False
app_163,Edward White,edward.white48@gmail.com,324-94-2806,172.26.137.15,10019,58.0,0.3,38425.0,True,2.9,47000.0,,404,,2024-01-15T00:00:00Z,False,Male,1981-06-03,42.6,104000.0,False,False,False,False,False
